-- phpMyAdmin SQL Dump
-- version 5.2.1
-- https://www.phpmyadmin.net/
--
-- Host: 127.0.0.1
-- Generation Time: Dec 23, 2025 at 02:06 PM
-- Server version: 10.4.32-MariaDB
-- PHP Version: 8.2.12

SET SQL_MODE = "NO_AUTO_VALUE_ON_ZERO";
START TRANSACTION;
SET time_zone = "+00:00";


/*!40101 SET @OLD_CHARACTER_SET_CLIENT=@@CHARACTER_SET_CLIENT */;
/*!40101 SET @OLD_CHARACTER_SET_RESULTS=@@CHARACTER_SET_RESULTS */;
/*!40101 SET @OLD_COLLATION_CONNECTION=@@COLLATION_CONNECTION */;
/*!40101 SET NAMES utf8mb4 */;

--
-- Database: `rfid_capstone`
--

-- --------------------------------------------------------

--
-- Table structure for table `advisers`
--

CREATE TABLE `advisers` (
  `employee_id` int(20) NOT NULL,
  `lastname` varchar(50) DEFAULT NULL,
  `firstname` varchar(50) DEFAULT NULL,
  `middlename` varchar(50) DEFAULT NULL,
  `suffix` varchar(50) DEFAULT NULL,
  `gender` enum('male','female') DEFAULT NULL,
  `username` varchar(255) DEFAULT NULL,
  `pass` varchar(255) NOT NULL
) ENGINE=InnoDB DEFAULT CHARSET=utf8mb4 COLLATE=utf8mb4_general_ci;

--
-- Dumping data for table `advisers`
--

INSERT INTO `advisers` (`employee_id`, `lastname`, `firstname`, `middlename`, `suffix`, `gender`, `username`, `pass`) VALUES
(12345, 'CHIANG', 'LOVELY', 'BUAG', '', 'female', NULL, 'buag123'),
(12578, 'ZARA', 'CRISTINE JOY', 'ARMENTA', '', 'female', NULL, 'armenta789'),
(23456, 'ROSALES', 'NOEMI', 'MORITE', '', 'female', NULL, 'morite456'),
(24681, 'PARRABA', 'ANGELYN', 'SENIEL', '', 'female', NULL, 'seniel123'),
(34567, 'JARIEL', 'ROGELYN', 'JANORAS', '', 'female', NULL, 'janoras678'),
(35179, 'AYAG', 'RUEL', 'PALAD', '', 'male', NULL, 'palad456'),
(45678, 'ARANILLA', 'IRENE', 'BALANE', '', 'female', NULL, 'balane987'),
(54321, 'DELA ROSA', 'LOUVER', 'MARASIGAN', '', 'male', NULL, 'marasigan123'),
(56789, 'CORTEZ', 'EVHA LAIKA', 'ALTEZ', '', 'female', NULL, 'altez456'),
(75245, 'BABILONIA', 'LIEZL', 'COSTUNA', '', 'female', NULL, 'celso987'),
(98765, 'ARCE', 'MENALYN', 'PAGUIGAN', '', 'female', NULL, 'arce789');

-- --------------------------------------------------------

--
-- Table structure for table `attendance`
--

CREATE TABLE `attendance` (
  `attendance_id` int(11) NOT NULL,
  `lrn` bigint(50) DEFAULT NULL,
  `enrollment_id` int(11) DEFAULT NULL,
  `date` date DEFAULT NULL,
  `time_in` datetime NOT NULL,
  `time_out` datetime DEFAULT NULL,
  `status` varchar(50) DEFAULT 'present'
) ENGINE=InnoDB DEFAULT CHARSET=utf8mb4 COLLATE=utf8mb4_general_ci;

-- --------------------------------------------------------

--
-- Table structure for table `enrollments`
--

CREATE TABLE `enrollments` (
  `enrollment_id` int(11) NOT NULL,
  `lrn` bigint(50) DEFAULT NULL,
  `grade_level` varchar(10) DEFAULT NULL,
  `section_name` varchar(50) DEFAULT NULL,
  `school_year` varchar(9) DEFAULT NULL
) ENGINE=InnoDB DEFAULT CHARSET=utf8mb4 COLLATE=utf8mb4_general_ci;

--
-- Dumping data for table `enrollments`
--

INSERT INTO `enrollments` (`enrollment_id`, `lrn`, `grade_level`, `section_name`, `school_year`) VALUES
(14, 108959180001, '7', 'H PULI', '2025-2026'),
(15, 108961180003, '7', 'H PULI', '2025-2026'),
(16, 402786180009, '7', 'H PULI', '2025-2026'),
(17, 108960180002, '7', 'H PULI', '2025-2026'),
(18, 108960180003, '7', 'H PULI', '2025-2026'),
(19, 108961180052, '7', 'H PULI', '2025-2026'),
(20, 108961180053, '7', 'H PULI', '2025-2026'),
(21, 108961180013, '7', 'H PULI', '2025-2026'),
(22, 108960180005, '7', 'H PULI', '2025-2026'),
(23, 108961180059, '7', 'H PULI', '2025-2026'),
(24, 108961170004, '7', 'H PULI', '2025-2026'),
(25, 108961180022, '7', 'H PULI', '2025-2026'),
(26, 108961180024, '7', 'H PULI', '2025-2026'),
(27, 108961170061, '7', 'H PULI', '2025-2026'),
(28, 403255170011, '7', 'H PULI', '2025-2026'),
(29, 108960180019, '7', 'H PULI', '2025-2026'),
(30, 108961180032, '7', 'H PULI', '2025-2026'),
(31, 108961180033, '7', 'H PULI', '2025-2026'),
(32, 108961180056, '7', 'H PULI', '2025-2026'),
(33, 108961180035, '7', 'H PULI', '2025-2026'),
(34, 108961180036, '7', 'H PULI', '2025-2026'),
(35, 109542180066, '7', 'H PULI', '2025-2026'),
(36, 108960180022, '7', 'H PULI', '2025-2026'),
(37, 108961180049, '7', 'H PULI', '2025-2026'),
(38, 108960180015, '7', 'H PULI', '2025-2026'),
(39, 108961180039, '7', 'H PULI', '2025-2026'),
(40, 500566180093, '7', 'H PULI', '2025-2026'),
(41, 108959170003, '7', 'H PULI', '2025-2026'),
(42, 108961180050, '7', 'H PULI', '2025-2026'),
(43, 108961180051, '7', 'H PULI', '2025-2026'),
(44, 108960180001, '7', 'E JACINTO', '2025-2026'),
(45, 108961180017, '7', 'E JACINTO', '2025-2026'),
(46, 113036170036, '7', 'E JACINTO', '2025-2026'),
(47, 108961180018, '7', 'E JACINTO', '2025-2026'),
(48, 108961180020, '7', 'E JACINTO', '2025-2026'),
(49, 108961180009, '7', 'E JACINTO', '2025-2026'),
(50, 108961180010, '7', 'E JACINTO', '2025-2026'),
(51, 108961180012, '7', 'E JACINTO', '2025-2026'),
(52, 424854180047, '7', 'E JACINTO', '2025-2026'),
(53, 108960180008, '7', 'E JACINTO', '2025-2026'),
(54, 108961170052, '7', 'E JACINTO', '2025-2026'),
(55, 108961180014, '7', 'E JACINTO', '2025-2026'),
(56, 108961180016, '7', 'E JACINTO', '2025-2026'),
(57, 108961180023, '7', 'E JACINTO', '2025-2026'),
(58, 108961170056, '7', 'E JACINTO', '2025-2026'),
(59, 108960180020, '7', 'E JACINTO', '2025-2026'),
(60, 108961180025, '7', 'E JACINTO', '2025-2026'),
(61, 108960180007, '7', 'E JACINTO', '2025-2026'),
(62, 108961180029, '7', 'E JACINTO', '2025-2026'),
(63, 108960180011, '7', 'E JACINTO', '2025-2026'),
(64, 108961180037, '7', 'E JACINTO', '2025-2026'),
(65, 108961180038, '7', 'E JACINTO', '2025-2026'),
(66, 108960180012, '7', 'E JACINTO', '2025-2026'),
(67, 108960180013, '7', 'E JACINTO', '2025-2026'),
(68, 108960180014, '7', 'E JACINTO', '2025-2026'),
(69, 108961160028, '7', 'E JACINTO', '2025-2026'),
(70, 108960180016, '7', 'E JACINTO', '2025-2026'),
(71, 107969180121, '7', 'E JACINTO', '2025-2026'),
(72, 108960180025, '7', 'E JACINTO', '2025-2026'),
(73, 108961170048, '8', 'A LUNA', '2025-2026'),
(74, 107552170002, '8', 'A LUNA', '2025-2026'),
(75, 108961170003, '8', 'A LUNA', '2025-2026'),
(76, 108961170001, '8', 'A LUNA', '2025-2026'),
(77, 108961170046, '8', 'A LUNA', '2025-2026'),
(78, 108959170001, '8', 'A LUNA', '2025-2026'),
(79, 109582170036, '8', 'A LUNA', '2025-2026'),
(80, 108961160016, '8', 'A LUNA', '2025-2026'),
(81, 108949170036, '8', 'A LUNA', '2025-2026'),
(82, 108961170044, '8', 'A LUNA', '2025-2026'),
(83, 108959170002, '8', 'A LUNA', '2025-2026'),
(84, 108961160031, '8', 'A LUNA', '2025-2026'),
(85, 108960170003, '8', 'A LUNA', '2025-2026'),
(86, 108961170006, '8', 'A LUNA', '2025-2026'),
(87, 108519170021, '8', 'A LUNA', '2025-2026'),
(88, 108961170057, '8', 'A LUNA', '2025-2026'),
(89, 108961170016, '8', 'A LUNA', '2025-2026'),
(90, 108961170018, '8', 'A LUNA', '2025-2026'),
(91, 108961170060, '8', 'A LUNA', '2025-2026'),
(92, 108961170059, '8', 'A LUNA', '2025-2026'),
(93, 108960170006, '8', 'A LUNA', '2025-2026'),
(94, 108961170062, '8', 'A LUNA', '2025-2026'),
(95, 108960170005, '8', 'A LUNA', '2025-2026'),
(96, 109337160272, '8', 'A LUNA', '2025-2026'),
(97, 108961170064, '8', 'A LUNA', '2025-2026'),
(98, 108961170023, '8', 'A LUNA', '2025-2026'),
(99, 108961170025, '8', 'A LUNA', '2025-2026'),
(100, 108961170026, '8', 'A LUNA', '2025-2026'),
(101, 108961170075, '8', 'A LUNA', '2025-2026'),
(102, 108961170077, '8', 'A LUNA', '2025-2026'),
(103, 108961170027, '8', 'A LUNA', '2025-2026'),
(104, 108960170011, '8', 'A LUNA', '2025-2026'),
(105, 108960170008, '8', 'A LUNA', '2025-2026'),
(106, 108509170216, '8', 'A LUNA', '2025-2026'),
(107, 108961170033, '8', 'A LUNA', '2025-2026'),
(108, 500566170226, '8', 'A LUNA', '2025-2026'),
(109, 109123170005, '8', 'A BINIFACIO', '2025-2026'),
(110, 108961170022, '8', 'A BINIFACIO', '2025-2026'),
(111, 108961170043, '8', 'A BINIFACIO', '2025-2026'),
(112, 108960160015, '8', 'A BINIFACIO', '2025-2026'),
(113, 108961170013, '8', 'A BINIFACIO', '2025-2026'),
(114, 108961170014, '8', 'A BINIFACIO', '2025-2026'),
(115, 108960170002, '8', 'A BINIFACIO', '2025-2026'),
(116, 108961170019, '8', 'A BINIFACIO', '2025-2026'),
(117, 108961170050, '8', 'A BINIFACIO', '2025-2026'),
(118, 136600150339, '8', 'A BINIFACIO', '2025-2026'),
(119, 108511170009, '8', 'A BINIFACIO', '2025-2026'),
(120, 108961150075, '8', 'A BINIFACIO', '2025-2026'),
(121, 108961170015, '8', 'A BINIFACIO', '2025-2026'),
(122, 108961170054, '8', 'A BINIFACIO', '2025-2026'),
(123, 108961170080, '8', 'A BINIFACIO', '2025-2026'),
(124, 108960170010, '8', 'A BINIFACIO', '2025-2026'),
(125, 108961170021, '8', 'A BINIFACIO', '2025-2026'),
(126, 108961170063, '8', 'A BINIFACIO', '2025-2026'),
(127, 108840170068, '8', 'A BINIFACIO', '2025-2026'),
(128, 108960170007, '8', 'A BINIFACIO', '2025-2026'),
(129, 108961170024, '8', 'A BINIFACIO', '2025-2026'),
(130, 109163170146, '8', 'A BINIFACIO', '2025-2026'),
(131, 108961170066, '8', 'A BINIFACIO', '2025-2026'),
(132, 108960170009, '8', 'A BINIFACIO', '2025-2026'),
(133, 108961170069, '8', 'A BINIFACIO', '2025-2026'),
(134, 108961170029, '8', 'A BINIFACIO', '2025-2026'),
(135, 108961170030, '8', 'A BINIFACIO', '2025-2026'),
(136, 108961170031, '8', 'A BINIFACIO', '2025-2026'),
(137, 108961170032, '8', 'A BINIFACIO', '2025-2026'),
(138, 108961170070, '8', 'A BINIFACIO', '2025-2026'),
(139, 108961170034, '8', 'A BINIFACIO', '2025-2026'),
(140, 108961170041, '8', 'A BINIFACIO', '2025-2026'),
(141, 108961170038, '8', 'A BINIFACIO', '2025-2026'),
(142, 108961170037, '8', 'A BINIFACIO', '2025-2026'),
(143, 108961170039, '8', 'A BINIFACIO', '2025-2026'),
(144, 108960160001, '9', 'G SILANG', '2025-2026'),
(145, 109133160050, '9', 'G SILANG', '2025-2026'),
(146, 108961160054, '9', 'G SILANG', '2025-2026'),
(147, 108961160047, '9', 'G SILANG', '2025-2026'),
(148, 108961160006, '9', 'G SILANG', '2025-2026'),
(149, 108961160029, '9', 'G SILANG', '2025-2026'),
(150, 108950160010, '9', 'G SILANG', '2025-2026'),
(151, 108961130014, '9', 'G SILANG', '2025-2026'),
(152, 108961160002, '9', 'G SILANG', '2025-2026'),
(153, 108960160007, '9', 'G SILANG', '2025-2026'),
(154, 108961160020, '9', 'G SILANG', '2025-2026'),
(155, 108960160009, '9', 'G SILANG', '2025-2026'),
(156, 107968160165, '9', 'G SILANG', '2025-2026'),
(157, 108961160003, '9', 'G SILANG', '2025-2026'),
(158, 108961150061, '9', 'G SILANG', '2025-2026'),
(159, 108961160011, '9', 'G SILANG', '2025-2026'),
(160, 136526160421, '9', 'G SILANG', '2025-2026'),
(161, 108961160038, '9', 'G SILANG', '2025-2026'),
(162, 108961160001, '9', 'G SILANG', '2025-2026'),
(163, 108960160011, '9', 'G SILANG', '2025-2026'),
(164, 108961160049, '9', 'G SILANG', '2025-2026'),
(165, 108946160004, '9', 'G SILANG', '2025-2026'),
(166, 108961160051, '9', 'G SILANG', '2025-2026'),
(167, 108961150042, '9', 'G SILANG', '2025-2026'),
(168, 108961160024, '9', 'G SILANG', '2025-2026'),
(169, 108946160005, '9', 'G SILANG', '2025-2026'),
(170, 108961160053, '9', 'G SILANG', '2025-2026'),
(171, 108960160016, '9', 'G SILANG', '2025-2026'),
(172, 108961150033, '9', 'G SILANG', '2025-2026'),
(173, 108961160025, '9', 'G SILANG', '2025-2026'),
(174, 108961160005, '9', 'G SILANG', '2025-2026'),
(175, 108961160037, '9', 'G SILANG', '2025-2026'),
(176, 108961160027, '9', 'G SILANG', '2025-2026'),
(177, 108960160014, '9', 'G SILANG', '2025-2026'),
(178, 108961160007, '9', 'G SILANG', '2025-2026'),
(179, 109740160117, '9', 'G SILANG', '2025-2026'),
(180, 108961140058, '9', 'G SILANG', '2025-2026'),
(181, 108944160011, '9', 'G SILANG', '2025-2026'),
(182, 108961160035, '9', 'G SILANG', '2025-2026'),
(183, 108961160036, '9', 'G SILANG', '2025-2026'),
(184, 108961160048, '9', 'G SILANG', '2025-2026'),
(185, 108653160007, '9', 'G SILANG', '2025-2026'),
(186, 108961160009, '9', 'G SILANG', '2025-2026'),
(187, 108960160017, '9', 'G SILANG', '2025-2026'),
(188, 108946160018, '9', 'G SILANG', '2025-2026'),
(189, 108497140032, '10', 'G DEL PILAR', '2025-2026'),
(190, 108961150002, '10', 'G DEL PILAR', '2025-2026'),
(191, 108961150023, '10', 'G DEL PILAR', '2025-2026'),
(192, 108960140007, '10', 'G DEL PILAR', '2025-2026'),
(193, 108961150053, '10', 'G DEL PILAR', '2025-2026'),
(194, 108961150055, '10', 'G DEL PILAR', '2025-2026'),
(195, 108961150025, '10', 'G DEL PILAR', '2025-2026'),
(196, 108961150026, '10', 'G DEL PILAR', '2025-2026'),
(197, 108525150004, '10', 'G DEL PILAR', '2025-2026'),
(198, 108638130117, '10', 'G DEL PILAR', '2025-2026'),
(199, 108961150006, '10', 'G DEL PILAR', '2025-2026'),
(200, 226001140569, '10', 'G DEL PILAR', '2025-2026'),
(201, 226001140591, '10', 'G DEL PILAR', '2025-2026'),
(202, 109798140116, '10', 'G DEL PILAR', '2025-2026'),
(203, 108960150002, '10', 'G DEL PILAR', '2025-2026'),
(204, 108961150029, '10', 'G DEL PILAR', '2025-2026'),
(205, 108961150030, '10', 'G DEL PILAR', '2025-2026'),
(206, 108961150047, '10', 'G DEL PILAR', '2025-2026'),
(207, 108961150012, '10', 'G DEL PILAR', '2025-2026'),
(208, 108961150067, '10', 'G DEL PILAR', '2025-2026'),
(209, 108961150014, '10', 'G DEL PILAR', '2025-2026'),
(210, 108530150006, '10', 'G DEL PILAR', '2025-2026'),
(211, 108961150040, '10', 'G DEL PILAR', '2025-2026'),
(212, 108961150036, '10', 'G DEL PILAR', '2025-2026'),
(213, 108228150043, '10', 'G DEL PILAR', '2025-2026'),
(214, 108960150010, '10', 'G DEL PILAR', '2025-2026'),
(215, 108961150017, '10', 'G DEL PILAR', '2025-2026'),
(216, 108961150039, '10', 'G DEL PILAR', '2025-2026'),
(217, 108961150018, '10', 'G DEL PILAR', '2025-2026'),
(218, 108961150021, '10', 'G JAENA', '2025-2026'),
(219, 102829150004, '10', 'G JAENA', '2025-2026'),
(220, 108960150001, '10', 'G JAENA', '2025-2026'),
(221, 108961150024, '10', 'G JAENA', '2025-2026'),
(222, 108961150074, '10', 'G JAENA', '2025-2026'),
(223, 108961140045, '10', 'G JAENA', '2025-2026'),
(224, 402431150458, '10', 'G JAENA', '2025-2026'),
(225, 108961150020, '10', 'G JAENA', '2025-2026'),
(226, 108960150013, '10', 'G JAENA', '2025-2026'),
(227, 108961150057, '10', 'G JAENA', '2025-2026'),
(228, 108961150068, '10', 'G JAENA', '2025-2026'),
(229, 109725150007, '10', 'G JAENA', '2025-2026'),
(230, 109095150137, '10', 'G JAENA', '2025-2026'),
(231, 108961120009, '10', 'G JAENA', '2025-2026'),
(232, 403259152036, '10', 'G JAENA', '2025-2026'),
(233, 108961150066, '10', 'G JAENA', '2025-2026'),
(234, 108960150009, '10', 'G JAENA', '2025-2026'),
(235, 108961150031, '10', 'G JAENA', '2025-2026'),
(236, 109059130011, '10', 'G JAENA', '2025-2026'),
(237, 108961150009, '10', 'G JAENA', '2025-2026'),
(238, 108961150032, '10', 'G JAENA', '2025-2026'),
(239, 108960150012, '10', 'G JAENA', '2025-2026'),
(240, 108961150013, '10', 'G JAENA', '2025-2026'),
(241, 108961150015, '10', 'G JAENA', '2025-2026'),
(242, 108961150016, '10', 'G JAENA', '2025-2026'),
(243, 402431150444, '10', 'G JAENA', '2025-2026'),
(244, 108961150059, '10', 'G JAENA', '2025-2026'),
(245, 120020140132, '10', 'G JAENA', '2025-2026'),
(246, 108960150008, '10', 'G JAENA', '2025-2026'),
(247, 108961150019, '10', 'G JAENA', '2025-2026'),
(248, 108961150045, '10', 'G JAENA', '2025-2026'),
(249, 108944140071, '11', 'HUMS', '2025-2026'),
(250, 108961140011, '11', 'HUMS', '2025-2026'),
(251, 108961140007, '11', 'HUMS', '2025-2026'),
(252, 108960140010, '11', 'HUMS', '2025-2026'),
(253, 109323140306, '11', 'HUMS', '2025-2026'),
(254, 108961140020, '11', 'HUMS', '2025-2026'),
(255, 108960140014, '11', 'HUMS', '2025-2026'),
(256, 108961140055, '11', 'HUMS', '2025-2026'),
(257, 108961140026, '11', 'HUMS', '2025-2026'),
(258, 108961140027, '11', 'HUMS', '2025-2026'),
(259, 108961140028, '11', 'HUMS', '2025-2026'),
(260, 108961140059, '11', 'HUMS', '2025-2026'),
(261, 108961140064, '11', 'HUMS', '2025-2026'),
(262, 108653140014, '11', 'HUMS', '2025-2026'),
(263, 108961140040, '11', 'HUMS', '2025-2026'),
(264, 109095150119, '11', 'HUMS', '2025-2026'),
(265, 108960140027, '11', 'HUMS', '2025-2026'),
(266, 102829130068, '11', 'TVL', '2025-2026'),
(267, 108971140187, '11', 'TVL', '2025-2026'),
(268, 107156140151, '11', 'TVL', '2025-2026'),
(269, 108960140003, '11', 'TVL', '2025-2026'),
(270, 108960140006, '11', 'TVL', '2025-2026'),
(271, 108961140012, '11', 'TVL', '2025-2026'),
(272, 108961090038, '11', 'TVL', '2025-2026'),
(273, 108961140008, '11', 'TVL', '2025-2026'),
(274, 108960140011, '11', 'TVL', '2025-2026'),
(275, 108960140009, '11', 'TVL', '2025-2026'),
(276, 108961140014, '11', 'TVL', '2025-2026'),
(277, 108961140015, '11', 'TVL', '2025-2026'),
(278, 108960140012, '11', 'TVL', '2025-2026'),
(279, 108961140048, '11', 'TVL', '2025-2026'),
(280, 108961140049, '11', 'TVL', '2025-2026'),
(281, 109114140067, '11', 'TVL', '2025-2026'),
(282, 136431150207, '11', 'TVL', '2025-2026'),
(283, 102066140216, '11', 'TVL', '2025-2026'),
(284, 108961140019, '11', 'TVL', '2025-2026'),
(285, 108961140054, '11', 'TVL', '2025-2026'),
(286, 108960140029, '11', 'TVL', '2025-2026'),
(287, 111537140054, '11', 'TVL', '2025-2026'),
(288, 108961140024, '11', 'TVL', '2025-2026'),
(289, 108960140016, '11', 'TVL', '2025-2026'),
(290, 108950140010, '11', 'TVL', '2025-2026'),
(291, 108961140029, '11', 'TVL', '2025-2026'),
(292, 108961140030, '11', 'TVL', '2025-2026'),
(293, 108961140031, '11', 'TVL', '2025-2026'),
(294, 108961140034, '11', 'TVL', '2025-2026'),
(295, 108961150078, '11', 'TVL', '2025-2026'),
(296, 108946140022, '11', 'TVL', '2025-2026'),
(297, 108225140778, '11', 'TVL', '2025-2026'),
(298, 108960140025, '11', 'TVL', '2025-2026'),
(299, 108961140039, '11', 'TVL', '2025-2026'),
(300, 108960140026, '11', 'TVL', '2025-2026'),
(301, 108961140075, '12', 'TVL', '2025-2026'),
(302, 108961130003, '12', 'TVL', '2025-2026'),
(303, 108961130034, '12', 'TVL', '2025-2026'),
(304, 108961130009, '12', 'TVL', '2025-2026'),
(305, 108961140101, '12', 'TVL', '2025-2026'),
(306, 108960130017, '12', 'TVL', '2025-2026'),
(307, 108961120143, '12', 'TVL', '2025-2026'),
(308, 108961130045, '12', 'TVL', '2025-2026'),
(309, 108961130021, '12', 'TVL', '2025-2026'),
(310, 108960130010, '12', 'TVL', '2025-2026'),
(311, 108961130022, '12', 'TVL', '2025-2026'),
(312, 108959140002, '12', 'TVL', '2025-2026'),
(313, 112621120678, '12', 'TVL', '2025-2026'),
(314, 108959140004, '12', 'TVL', '2025-2026'),
(315, 108959130023, '12', 'TVL', '2025-2026'),
(316, 108961130051, '12', 'TVL', '2025-2026'),
(317, 108961140093, '12', 'HUMS', '2025-2026'),
(318, 108961140077, '12', 'HUMS', '2025-2026'),
(319, 111591110025, '12', 'HUMS', '2025-2026'),
(320, 108525140001, '12', 'HUMS', '2025-2026'),
(321, 108960130004, '12', 'HUMS', '2025-2026'),
(322, 300763100167, '12', 'HUMS', '2025-2026'),
(323, 108961130007, '12', 'HUMS', '2025-2026'),
(324, 108960130007, '12', 'HUMS', '2025-2026'),
(325, 108961130035, '12', 'HUMS', '2025-2026'),
(326, 108961130011, '12', 'HUMS', '2025-2026'),
(327, 108961130012, '12', 'HUMS', '2025-2026'),
(328, 108947130007, '12', 'HUMS', '2025-2026'),
(329, 108961130013, '12', 'HUMS', '2025-2026'),
(330, 108960130008, '12', 'HUMS', '2025-2026'),
(331, 108961130058, '12', 'HUMS', '2025-2026'),
(332, 108961130015, '12', 'HUMS', '2025-2026'),
(333, 108961130016, '12', 'HUMS', '2025-2026'),
(334, 108961130039, '12', 'HUMS', '2025-2026'),
(335, 108134120064, '12', 'HUMS', '2025-2026'),
(336, 108961130041, '12', 'HUMS', '2025-2026'),
(337, 108961130042, '12', 'HUMS', '2025-2026'),
(338, 108961130018, '12', 'HUMS', '2025-2026'),
(339, 108961130019, '12', 'HUMS', '2025-2026'),
(340, 108961130043, '12', 'HUMS', '2025-2026'),
(341, 108961130020, '12', 'HUMS', '2025-2026'),
(342, 108961130046, '12', 'HUMS', '2025-2026'),
(343, 108961130023, '12', 'HUMS', '2025-2026'),
(344, 108961130024, '12', 'HUMS', '2025-2026'),
(345, 108959130021, '12', 'HUMS', '2025-2026'),
(346, 108960130012, '12', 'HUMS', '2025-2026'),
(347, 108960140001, '12', 'HUMS', '2025-2026'),
(348, 108961140073, '12', 'HUMS', '2025-2026'),
(349, 108961130026, '12', 'HUMS', '2025-2026'),
(350, 108961130050, '12', 'HUMS', '2025-2026'),
(351, 108961130055, '12', 'HUMS', '2025-2026'),
(352, 108961130030, '12', 'HUMS', '2025-2026'),
(353, 108961130054, '12', 'HUMS', '2025-2026');

-- --------------------------------------------------------

--
-- Table structure for table `guardians`
--

CREATE TABLE `guardians` (
  `guardian_id` int(11) NOT NULL,
  `lrn` bigint(50) NOT NULL,
  `lastname` varchar(50) DEFAULT NULL,
  `firstname` varchar(50) DEFAULT NULL,
  `middlename` varchar(50) DEFAULT NULL,
  `suffix` varchar(50) DEFAULT NULL,
  `contact_number` bigint(50) DEFAULT NULL,
  `relationship_to_student` varchar(50) DEFAULT NULL
) ENGINE=InnoDB DEFAULT CHARSET=utf8mb4 COLLATE=utf8mb4_general_ci;

--
-- Dumping data for table `guardians`
--

INSERT INTO `guardians` (`guardian_id`, `lrn`, `lastname`, `firstname`, `middlename`, `suffix`, `contact_number`, `relationship_to_student`) VALUES
(680, 108959180001, 'ALOTA', 'JERNEL', 'ANOS', '', 9123456789, 'FATHER'),
(681, 108961180003, 'BAUTISTA', 'SEVERINO', 'BOBADILLA', '', 9234567890, 'FATHER'),
(682, 402786180009, 'CALAMUCHA', 'NOEL', 'CIPRIOTO', '', 9345678901, 'FATHER'),
(683, 108960180002, 'DIONELA', 'MARCOS', 'DON', '', 9456789012, 'FATHER'),
(684, 108960180003, 'DOMINGO', 'RAMON', 'SUMBILLA', '', 9567890123, 'FATHER'),
(685, 108961180052, 'GASTARDO', 'WILDON', 'APARECIO', '', 9678901234, 'FATHER'),
(686, 108961180053, 'HONTIVEROS', 'REYNALDO', 'ABRAHAM', '', 9789012345, 'FATHER'),
(687, 108961180013, 'INOY', 'EMERSON', 'FIRME', '', 9890123456, 'FATHER'),
(688, 108960180005, 'LANDICHO', 'LEONARDO', 'QUINTO', '', 9012345678, 'FATHER'),
(689, 108961180059, 'NIERA', 'DANIEL', 'BRINIA', '', 9145678902, 'FATHER'),
(690, 108961170004, 'NOCIETE', 'SERGIO', 'BONEO', '', 9256789013, 'FATHER'),
(691, 108961180022, 'PACAYRA', 'GELITO', 'GARCIA', '', 9367890124, 'FATHER'),
(692, 108961180024, 'PERILIA', 'ROMEO', 'AYALA', '', 9478901235, 'FATHER'),
(693, 108961170061, 'SILVALLANA', 'MARLON', 'FORBES', '', 9589012346, 'FATHER'),
(694, 403255170011, 'VILLAREAL', 'MICHAEL', 'GLORIOSO', '', 9690123457, 'FATHER'),
(695, 108960180019, 'BALLESTEROS', 'RONALD', 'PARAGO', '', 9701234568, 'FATHER'),
(696, 108961180032, 'EDERON', 'ELDY', 'MORILLO', '', 9812345679, 'FATHER'),
(697, 108961180033, 'ELLA', 'MARK BRYANNE', 'MILARPEZ', '', 9923456780, 'FATHER'),
(698, 108961180056, 'EROLES', 'FRANCISCO', 'BAUTISTA', '', 9034567891, 'FATHER'),
(699, 108961180035, 'EROLES', 'PEDRITO', 'AVELIS', '', 9156789023, 'FATHER'),
(700, 108961180036, 'FABIE', 'JEFFREY', 'NOCIETE', '', 9267890134, 'FATHER'),
(701, 109542180066, 'GONZAGA', 'REGGIE', 'DIONEDA', '', 9378901245, 'FATHER'),
(702, 108960180022, 'GONZALES', 'AMADOR', 'DEL MUNDO', '', 9489012356, 'FATHER'),
(703, 108961180049, 'ILAO', 'MICHAEL', 'DE CASTRO', '', 9590123467, 'FATHER'),
(704, 108960180015, 'MACALINDOL', 'REMEGIO', 'DIMALIBOT', '', 9601234578, 'FATHER'),
(705, 108961180039, 'MARQUEZ', 'ANGELITO', 'DEL MUNDO', '', 9712345689, 'FATHER'),
(706, 500566180093, 'SAMBAHON', 'JERRY', 'ENERO', '', 9823456790, 'FATHER'),
(707, 108959170003, 'SANCHEZ', 'ANTONIO', 'GONZALES', '', 9934567801, 'FATHER'),
(708, 108961180050, 'SILVALLANA', 'MARLON', 'FORBES', '', 9045678912, 'FATHER'),
(709, 108961180051, 'VENDER', 'HENRY', 'CAMBA', '', 9167890234, 'FATHER'),
(710, 108960180001, 'AYAPANA', 'GUILLERMO', 'MERLUZA', '', 9278901345, 'FATHER'),
(711, 108961180017, 'BAUTISTA', 'TEOFILO', 'PEREZ', '', 9389012456, 'FATHER'),
(712, 113036170036, 'BUTIAL', 'JAYSON', 'GUARNES', '', 9490123567, 'FATHER'),
(713, 108961180018, 'CODILLA', 'MYLA', 'VERGANIO', '', 9501234678, 'MOTHER'),
(714, 108961180020, 'DONES', 'RAYMOND', 'DECIERDO', '', 9612345789, 'FATHER'),
(715, 108961180009, 'FERMIS', 'MARK ANTHONY', 'NIEVA', '', 9723456890, 'FATHER'),
(716, 108961180010, 'FRIAS', 'FELIX', 'MALAPO', '', 9834567901, 'FATHER'),
(717, 108961180012, 'GLORIOSO', 'DOLORFINO', 'CESAR', '', 9945678012, 'FATHER'),
(718, 424854180047, 'LABORA', 'CHRISTOPHER', 'DIAMANTE', '', 9056789123, 'FATHER'),
(719, 108960180008, 'LANDICHO', 'FELIPE', 'QUINTO', '', 9178902345, 'FATHER'),
(720, 108961170052, 'MANALO', 'RANDY', 'GARUFIL', '', 9289013456, 'FATHER'),
(721, 108961180014, 'MAUSIG', 'AGA', 'CAROLINO', '', 9390124567, 'FATHER'),
(722, 108961180016, 'PALLAT', 'JEAMES WALTER', '', '', 9401235678, 'FATHER'),
(723, 108961180023, 'PENTINIO', 'MARK ANTHONY', 'ANGELES', '', 9512346789, 'FATHER'),
(724, 108961170056, 'PERALTA', 'REMEGIO', 'BANCE', '', 9623457890, 'FATHER'),
(725, 108960180020, 'PINCA', 'PAOLO PABLO', 'CASTILLO', '', 9734568901, 'FATHER'),
(726, 108961180025, 'SAN LUIS', 'LARRY', 'PERMIS', '', 9845679012, 'FATHER'),
(727, 108960180007, 'YOPYOP', 'ALLAN', 'PERALTA', '', 9956780123, 'FATHER'),
(728, 108961180029, 'DELA CRUZ', 'JAYSON', 'SABALAN', '', 9067891234, 'FATHER'),
(729, 108961180037, 'FAJARDO', 'DENNIS', 'DELA CRUZ', '', 9290123456, 'FATHER'),
(730, 108961180038, 'JASMIN', 'JOVEN', 'AN', '', 9301234567, 'FATHER'),
(731, 108960180012, 'LACE', 'FREDDIE', 'REYNA', '', 9412345678, 'FATHER'),
(732, 108960180013, 'LASCIERAS', 'WOODY', 'DE LEON', '', 9523456789, 'FATHER'),
(733, 108960180014, 'LASCIERAS', 'WOODY', 'DE LEON', '', 9634567890, 'FATHER'),
(734, 108961160028, 'MALINIZA', 'DANILO', 'CALACAT', '', 9745678901, 'FATHER'),
(735, 108960180016, 'MARASIGAN', 'ALBERTO', 'PARANGALAN', '', 9856789012, 'FATHER'),
(736, 107969180121, 'QUINDOZA', 'JACQUELINE', 'TABERNILLA', '', 9967890123, 'MOTHER'),
(737, 108960180025, 'REJOSO', 'RONIE', 'R', '', 9078901234, 'FATHER'),
(738, 108961170048, 'ABAYON', 'RANNIE', 'GARING', '', 9190123456, 'FATHER'),
(739, 107552170002, 'ANCAJA', 'RAINIER BRYAN', 'EROLES', '', 9201234567, 'FATHER'),
(740, 108961170003, 'ANGCAJAS', 'EDDIE', 'VENDER', '', 9312345678, 'FATHER'),
(741, 108961170001, 'CAMBARIHAN', 'TEODORO', 'ORIEL', '', 9423456789, 'FATHER'),
(742, 108961170046, 'CODILLA', 'RAMIL', 'VERGANIO', '', 9534567890, 'FATHER'),
(743, 108959170001, 'CONSTANTINO', 'ARTEMIO', 'ORIEL', '', 9645678901, 'FATHER'),
(744, 109582170036, 'DEL MUNDO', 'EDELBERTO', 'J', '', 9756789012, 'FATHER'),
(745, 108961160016, 'EROLES', 'FRANCISCO', 'B', '', 9867890123, 'FATHER'),
(746, 108949170036, 'FLORES', 'ANGELO', 'VILLARUEL', '', 9978901234, 'FATHER'),
(747, 108961170044, 'GLEE', 'ROBERT', 'MENDOZA', '', 9089012345, 'FATHER'),
(748, 108959170002, 'GLORIOSO', 'JAYSON', 'JORDAN', '', 9101234567, 'FATHER'),
(749, 108961160031, 'HECITA', 'EDMAR', 'BALAITO', '', 9212345678, 'FATHER'),
(750, 108960170003, 'MAPILOT', 'RUEL', 'SAN ANTONIO', '', 9323456789, 'FATHER'),
(751, 108961170006, 'MONDOY', 'DENNIS', 'ILAO', '', 9434567890, 'FATHER'),
(752, 108519170021, 'OVAR', 'RUBILYN', 'ESCOSIA', '', 9545678901, 'MOTHER'),
(753, 108961170057, 'PONPON', 'ANTONIO', 'SARDUAL', '', 9656789012, 'FATHER'),
(754, 108961170016, 'QUINCENA', 'JAY-R', 'SARMIENTO', '', 9767890123, 'FATHER'),
(755, 108961170018, 'RADAZA', 'ELMER', 'BUGTAY', '', 9878901234, 'FATHER'),
(756, 108961170060, 'SEPATO', 'ARNULFO', 'RABINO', '', 9989012345, 'FATHER'),
(757, 108961170059, 'SEPATO', 'ARNULFO', 'RABINO', '', 9090123456, 'FATHER'),
(758, 108960170006, 'TIOSAN', 'MICHAEL', 'VILLAREAL', '', 9112345678, 'FATHER'),
(759, 108961170062, 'TOLEDO', 'CHRISTOPHER', 'ABELLA', '', 9223456789, 'FATHER'),
(760, 108960170005, 'YOPYOP', 'WILSON', 'PERALTA', '', 9334567890, 'FATHER'),
(761, 109337160272, 'ABAYON', 'JOEL', 'GARRING', '', 9445678901, 'FATHER'),
(762, 108961170064, 'CAAYON', 'CARL IVAN', 'CARABUENA', '', 9556789012, 'FATHER'),
(763, 108961170023, 'CRUZAT', 'IRVIN', 'ICARO', '', 9667890123, 'FATHER'),
(764, 108961170025, 'DELGADO', 'JONNELL', 'PLANAS', '', 9778901234, 'FATHER'),
(765, 108961170026, 'DELIMA', 'OSCAR', 'CARMEN', '', 9889012345, 'FATHER'),
(766, 108961170075, 'DONES', 'RAYMOND', 'DECIERDO', '', 9990123456, 'FATHER'),
(767, 108961170077, 'ESCOBAR', 'RICKY', 'SILVALLANA', '', 9120345678, 'FATHER'),
(768, 108961170027, 'GONZALES', 'ELWARD', 'DEL MUNDO', '', 9231456789, 'FATHER'),
(769, 108960170011, 'LAGAR', 'RONALD', 'QUINTO', '', 9342567890, 'FATHER'),
(770, 108960170008, 'LAGAR', 'RONALD', 'QUINTO', '', 9453678901, 'FATHER'),
(771, 108509170216, 'ORTIZ', 'ALLAN', 'SANTANDER', '', 9564789012, 'FATHER'),
(772, 108961170033, 'PALLAT', 'JEAMES WALTER', '', '', 9675890123, 'FATHER'),
(773, 500566170226, 'SAMBAHON', 'JERRY', 'ENERO', '', 9786901234, 'FATHER'),
(774, 109123170005, 'BALATUCAN', 'DANILO', 'ENOT', '', 9897012345, 'FATHER'),
(775, 108961170022, 'BONDE', 'ELMER', 'EBRIO', '', 9018123456, 'FATHER'),
(776, 108961170043, 'CAMBA', 'ROMAR', 'HERNANDEZ', '', 9129234567, 'FATHER'),
(777, 108960160015, 'DE LEON', 'RONILO', '', '', 9240345678, 'FATHER'),
(778, 108961170013, 'DEGRAS', 'LARRY', 'NERPIO', '', 9351456789, 'FATHER'),
(779, 108961170014, 'DEGRAS', 'ROLAND', 'DELGADO', '', 9462567890, 'FATHER'),
(780, 108960170002, 'DEL MUNDO', 'VICTOR', 'HARDINAN', '', 9573678901, 'FATHER'),
(781, 108961170019, 'DELIN', 'MAYLIN', 'ARAZO', '', 9684789012, 'FATHER'),
(782, 108961170050, 'FERMIS', 'LUISITO', 'EMAN', '', 9795890123, 'FATHER'),
(783, 136600150339, 'GARIN', 'JOSE', '', '', 9806901234, 'FATHER'),
(784, 108511170009, 'GULLA', 'MARK JAYSON', 'BUENAVENTE', '', 9917012345, 'FATHER'),
(785, 108961150075, 'HONTIVEROS', 'JORIEL', 'CASTELLO', '', 9028123456, 'FATHER'),
(786, 108961170015, 'ILAO', 'MICHAEL', 'DE CASTRO', '', 9139234567, 'FATHER'),
(787, 108961170054, 'MARTALLA', 'JAIME', 'BUCOY', '', 9250345678, 'FATHER'),
(788, 108961170080, 'ORCALES', 'JEREMIAS', 'M', '', 9361456789, 'FATHER'),
(789, 108960170010, 'PERALTA', 'JOSENE', 'LASCIERAS', '', 9472567890, 'FATHER'),
(790, 108961170021, 'VERGARA', 'ROLAND', 'OFLARIA', '', 9583678901, 'FATHER'),
(791, 108961170063, 'BAGAYAS', 'JAYROLL', 'HADJI', '', 9694789012, 'FATHER'),
(792, 108840170068, 'BALANE', 'ALLAN', 'ESTAVILLO', '', 9705890123, 'FATHER'),
(793, 108960170007, 'CATAAG', 'JUAN', 'DOMINGO', '', 9816901234, 'FATHER'),
(794, 109163170146, 'HUSADA', 'RICHARD', 'GUMBAN', '', 9038123456, 'FATHER'),
(795, 108961170066, 'ILAO', 'MODESTO', 'Q', '', 9149234567, 'FATHER'),
(796, 108960170009, 'LLANES', 'BONIFACIO', 'GERONA', '', 9260345678, 'FATHER'),
(797, 108961170069, 'MERCADEJAS', 'RODERICK', 'CARAY', '', 9371456789, 'FATHER'),
(798, 108961170029, 'MONDOY', 'AQUILINO', 'ILAO', '', 9482567890, 'FATHER'),
(799, 108961170030, 'MONTANTE', 'ARISTEO', '', '', 9593678901, 'FATHER'),
(800, 108961170031, 'NERA', 'REYNALDO', 'VIRNIA', '', 9604789012, 'FATHER'),
(801, 108961170032, 'NIEVA', 'JOELITO', 'NATUEL', '', 9715890123, 'FATHER'),
(802, 108961170070, 'PALOMARES', 'EDUARDO', 'MARASIGAN', '', 9826901234, 'FATHER'),
(803, 108961170034, 'PAREDES', 'EFREN', 'RESUENA', '', 9937012345, 'FATHER'),
(804, 108961170038, 'SAMARISTA', 'MARVIN', 'ESPIDIDO', '', 9159234567, 'FATHER'),
(805, 108961170037, 'VERGARA', 'RUSSELL', 'OFLARIA', '', 9270345678, 'FATHER'),
(806, 108961170039, 'VILLAREAL', 'RUEL', 'AGUILAR', '', 9381456789, 'FATHER'),
(807, 108960160001, 'AYAPANA', 'GUILLERMO', 'MERLUZA', '', 9492567890, 'FATHER'),
(808, 109133160050, 'BANDA', 'TITO', 'MIDILLIO', '', 9503678901, 'FATHER'),
(809, 108961160054, 'BAUTISTA', 'HENER', 'CAMBA', '', 9614789012, 'FATHER'),
(810, 108961160047, 'CAMBA', 'GILBERT', 'P', '', 9725890123, 'FATHER'),
(811, 108961160006, 'EROLES', 'JOEL', 'CESAR', '', 9836901234, 'FATHER'),
(812, 108961160029, 'EROLES', 'RUEL', 'MENDOZA', '', 9947012345, 'FATHER'),
(813, 108950160010, 'FAJARDO', 'DENNIS', 'DE LA CRUZ', '', 9058123456, 'FATHER'),
(814, 108961130014, 'HITOSIS', 'FELIPE', 'DE TORRES', '', 9169234567, 'FATHER'),
(815, 108961160002, 'JASMIN', 'JOVEN', 'AN', '', 9280345678, 'FATHER'),
(816, 108960160007, 'MACALINDOL', 'REMEGIO', 'DIMALIBOT', '', 9391456789, 'FATHER'),
(817, 108961160020, 'MALINIZA', 'RUBEN', 'C', '', 9402567890, 'FATHER'),
(818, 108960160009, 'PISIG', 'DANILO', 'UY', '', 9513678901, 'FATHER'),
(819, 107968160165, 'QUINDOZA', 'JIELOVIN', 'TABERNILLA', '', 9624789012, 'FATHER'),
(820, 108961160003, 'RADAZA', 'ELMER', 'BUGTAY', '', 9735890123, 'FATHER'),
(821, 108961150061, 'RODEJO', 'ROMULO', 'HERNANDEZ', '', 9846901234, 'FATHER'),
(822, 108961160011, 'SEVILLENA', 'FREDERICK', 'SANCHEZ', '', 9957012345, 'FATHER'),
(823, 136526160421, 'TUTOR', 'JERRY', 'S', '', 9068123456, 'FATHER'),
(824, 108961160038, 'VERGANIO', 'ARWIN', 'PARADERO', '', 9179234567, 'FATHER'),
(825, 108961160001, 'VILLARUEL', 'PATERNO', '', '', 9290345678, 'FATHER'),
(826, 108960160011, 'ALEGRE', 'PABLO', 'C', '', 9301456789, 'FATHER'),
(827, 108961160049, 'ALOTA', 'JERNEL', 'ANOS', '', 9412567890, 'FATHER'),
(828, 108946160004, 'ANDA', 'RAINIER', 'ESMAS', '', 9523678901, 'FATHER'),
(829, 108961160051, 'ARAZO', 'LEO', 'AGUINALDO N', '', 9634789012, 'FATHER'),
(830, 108961150042, 'BALIWAG', 'RONNIE', 'D', '', 9745890123, 'FATHER'),
(831, 108961160024, 'CARAEL', 'MARIO', 'ORTIZ', '', 9856901234, 'FATHER'),
(832, 108946160005, 'CASTILLO', 'ANGELITO', '', '', 9967012345, 'FATHER'),
(833, 108961160053, 'CLEMENTE', 'FRANKLIN', 'MERCADO', '', 9078123456, 'FATHER'),
(834, 108960160016, 'DEL MUNDO', 'ALLAN', 'HARDINAN', '', 9189234567, 'FATHER'),
(835, 108961150033, 'DELGADO', 'ALLAN', 'Z', '', 9200345678, 'FATHER'),
(836, 108961160025, 'DONES', 'JUANITO', 'D', '', 9311456789, 'FATHER'),
(837, 108961160005, 'EROLES', 'JONATHAN CRISPIN', '', '', 9422567890, 'FATHER'),
(838, 108961160037, 'FERMIS', 'MENANDRO', 'EMAN', '', 9533678901, 'FATHER'),
(839, 108961160027, 'FRAGO', 'EFREN', 'ESPALIARDO', '', 9644789012, 'FATHER'),
(840, 108960160014, 'GONZALES', 'AMADOR', 'DEL MUNDO', '', 9755890123, 'FATHER'),
(841, 108961160007, 'ILAO', 'MANOLITO', 'Q', '', 9866901234, 'FATHER'),
(842, 109740160117, 'JUDILLA', 'JUNIEL', 'BALOHABO', '', 9977012345, 'FATHER'),
(843, 108961140058, 'LACABA', 'EDUARDO', 'C', '', 9088123456, 'FATHER'),
(844, 108944160011, 'LAGRASON', 'ANTONIO', 'ALVARICO', '', 9199234567, 'FATHER'),
(845, 108961160035, 'MONLEON', 'MIGUEL', 'MODRIGO', '', 9210345678, 'FATHER'),
(846, 108961160036, 'NEPOMUCENO', 'DIOLITO', 'P', '', 9321456789, 'FATHER'),
(847, 108961160048, 'PACAYRA', 'GELITO', 'GARCIA', '', 9432567890, 'FATHER'),
(848, 108653160007, 'RAMOS', 'REDEN', 'EUGENIO', '', 9543678901, 'FATHER'),
(849, 108961160009, 'VERGANIO', 'PATRICIO', 'CAMBA', '', 9654789012, 'FATHER'),
(850, 108960160017, 'VILLASOTO', 'MELCHOR', 'H', '', 9765890123, 'FATHER'),
(851, 108946160018, 'YTANG', 'ELPIDIO', 'LEPALAM', '', 9876901234, 'FATHER'),
(852, 108497140032, 'ABAYON', 'JOEL', 'GARRING', '', 9987012345, 'FATHER'),
(853, 108961150002, 'ALTEZ', 'RAMILO', 'S', '', 9098123456, 'FATHER'),
(854, 108961150023, 'CAMBARIHAN', 'TEODORO', 'ORIEL', '', 9109234567, 'FATHER'),
(855, 108960140007, 'DOMINGO', 'ANACITO', 'CORONADO', '', 9220345678, 'FATHER'),
(856, 108961150053, 'GATDULA', 'DENNIS', 'VASQUEZ', '', 9331456789, 'FATHER'),
(857, 108961150055, 'GUTIERREZ', 'RICO', 'LIMBO', '', 9442567890, 'FATHER'),
(858, 108961150025, 'LASQUETY', 'LEA', '', '', 9553678901, 'MOTHER'),
(859, 108961150026, 'LIMOS', 'LITO', 'CAMBA', '', 9664789012, 'FATHER'),
(860, 108525150004, 'LOPEZ', 'JAYSIE', 'LACE', '', 9775890123, 'FATHER'),
(861, 108638130117, 'OCTOMAN', 'GRENO', 'ZARSUELA', '', 9886901234, 'FATHER'),
(862, 108961150006, 'VALDERAMA', 'MARVIN', 'ARINGO', '', 9997012345, 'FATHER'),
(863, 226001140569, 'VERGANIO', 'ARWIN', 'PARADERO', '', 9128123456, 'FATHER'),
(864, 226001140591, 'VERGANIO', 'ARWIN', 'PARADERO', '', 9239234567, 'FATHER'),
(865, 109798140116, 'VILLAREAL', 'ROSENDO', 'RENATO', '', 9340345678, 'FATHER'),
(866, 108960150002, 'YOPYOP', 'ALLAN', 'PERALTA', '', 9451456789, 'FATHER'),
(867, 108961150029, 'ABAYON', 'RANNIE', 'GARING', '', 9562567890, 'FATHER'),
(868, 108961150030, 'AGUIBA', 'JOHN', 'PAUL V', '', 9673678901, 'FATHER'),
(869, 108961150047, 'CODILLA', 'RAMIL', 'VERGANIO', '', 9784789012, 'FATHER'),
(870, 108961150012, 'DE GUZMAN', 'VALENTINO', 'CEBUNAL', '', 9895890123, 'FATHER'),
(871, 108530150006, 'EROLES', 'RONALDO', 'PERLADA', '', 9238123456, 'FATHER'),
(872, 108961150040, 'GARUFIL', 'MARK', 'JOSEPH A', '', 9349234567, 'FATHER'),
(873, 108961150036, 'ILAGAN', 'PORSINO', 'H', '', 9450345678, 'FATHER'),
(874, 108228150043, 'LOPEZ', 'REINER', 'GLEN ORIONDO', '', 9561456789, 'FATHER'),
(875, 108960150010, 'LUCES', 'RADING', 'DE GUZMAN', '', 9672567890, 'FATHER'),
(876, 108961150017, 'OCAN', 'GERARDO', 'O', '', 9783678901, 'FATHER'),
(877, 108961150039, 'PONPON', 'ANTONIO', 'S', '', 9894789012, 'FATHER'),
(878, 108961150018, 'SEVILLENA', 'FREDERICK', 'S', '', 9015890123, 'FATHER'),
(879, 108961150021, 'AGUIBA', 'VIRBET', 'ROBLES', '', 9126901234, 'MOTHER'),
(880, 102829150004, 'ALTEZ', 'JEFFREY', 'SALUTTAN', '', 9237012345, 'FATHER'),
(881, 108960150001, 'DE RAMA', 'ENRICO', 'GONZALES', '', 9348123456, 'FATHER'),
(882, 108961150024, 'DEGRAS', 'LOPE', 'NITORAL', '', 9459234567, 'FATHER'),
(883, 108961150074, 'HONTIVEROS', 'JORIEL', 'CASTELLO', '', 9560345678, 'FATHER'),
(884, 108961140045, 'ILAO', 'MODESTO', 'Q', '', 9671456789, 'FATHER'),
(885, 402431150458, 'JORDAN', 'MARK ALVIN', 'JUSI', '', 9782567890, 'FATHER'),
(886, 108961150020, 'LANNA', 'KELLY', 'CONSTANTINO', '', 9893678901, 'FATHER'),
(887, 108960150013, 'LASCIERAS', 'WOODY', 'DE LEON', '', 9014789012, 'FATHER'),
(888, 108961150057, 'MARIENTES', 'RUDY', 'VELLESAN', '', 9125890123, 'FATHER'),
(889, 108961150068, 'NIERA', 'DANIEL', '', '', 9236901234, 'FATHER'),
(890, 109095150137, 'VERZOSA', 'ABEL', 'CAHAYAGAN', '', 9458123456, 'FATHER'),
(891, 108961120009, 'YTANG', 'ELPIDIO', 'LEPALAM', '', 9569234567, 'FATHER'),
(892, 403259152036, 'ZABALLERO', 'GILBERT', 'EROLES', '', 9670345678, 'FATHER'),
(893, 108961150066, 'ZINAMPAN', 'RODOLFO', 'MALILLIN', '', 9781456789, 'FATHER'),
(894, 108960150009, 'BANDIOLA', 'RAUL', 'DIONELA', '', 9892567890, 'FATHER'),
(895, 108961150031, 'BARCELONA', 'JAIME', 'MALOLOS', '', 9013678901, 'FATHER'),
(896, 109059130011, 'BOHOL', 'ALBERT', 'DELOS REYES', '', 9124789012, 'FATHER'),
(897, 108961150009, 'CALDERON', 'AVELINO', 'P', '', 9235890123, 'FATHER'),
(898, 108961150032, 'CAMBA', 'ROMAR', 'H', '', 9346901234, 'FATHER'),
(899, 108960150012, 'CATAAG', 'JUAN', 'DOMINGO', '', 9457012345, 'FATHER'),
(900, 108961150013, 'DE LA CRUZ', 'RHODERICK', 'MORILLO', '', 9568123456, 'FATHER'),
(901, 108961150015, 'EROLES', 'WILSON', 'VERA CRUZ', '', 9679234567, 'FATHER'),
(902, 108961150016, 'GARUFIL', 'WILFREDO', 'G', '', 9780345678, 'FATHER'),
(903, 402431150444, 'JORDAN', 'MARK ALVIN', 'JUSI', '', 9891456789, 'FATHER'),
(904, 108961150059, 'ROCA', 'LUISITO', 'BANAL', '', 9012567890, 'FATHER'),
(905, 120020140132, 'TIMTIM', 'JOANN', 'DIMALE', '', 9123678901, 'FATHER'),
(906, 108960150008, 'TIOSAN', 'MICHAEL', 'VILLAREAL', '', 9234789012, 'FATHER'),
(907, 108961150019, 'VERGARA', 'ROLAND', 'O', '', 9345890123, 'FATHER'),
(908, 108961150045, 'YTANG', 'ELPIDIO', 'LIPALAM', '', 9456901234, 'FATHER'),
(909, 108944140071, 'BUENDIA', 'DARWIN', 'ZABALLERO', '', 9567012345, 'FATHER'),
(910, 108961140007, 'ESCOBAR', 'RICKY', 'S', '', 9789234567, 'FATHER'),
(911, 108960140010, 'MAGCAMIT', 'RENE', 'BOY REYES', '', 9890345678, 'FATHER'),
(912, 109323140306, 'ZINAMPAN', 'RODOLFO', 'MALILLIN', '', 9011456789, 'FATHER'),
(913, 108961140020, 'ANGELES', 'REYNALDO', 'M', '', 9122567890, 'FATHER'),
(914, 108960140014, 'ARATEA', 'JUANITO', 'C', '', 9233678901, 'FATHER'),
(915, 108961140055, 'CAMBA', 'GILBERT', 'P', '', 9344789012, 'FATHER'),
(916, 108961140026, 'ELEJIDO', 'RONALD', '', '', 9455890123, 'FATHER'),
(917, 108961140027, 'ESGUERRA', 'ARDIE', 'ASAS', '', 9566901234, 'FATHER'),
(918, 108961140028, 'FABIE', 'JEFFREY', 'NOCIETE', '', 9677012345, 'FATHER'),
(919, 108961140059, 'MONDOY', 'AQUILINO', 'ILAO', '', 9788123456, 'FATHER'),
(920, 108961140064, 'POLO', 'CELSO', 'L', '', 9899234567, 'FATHER'),
(921, 108653140014, 'RAMOS', 'REDEN', 'EUGENIO', '', 9010345678, 'FATHER'),
(922, 108961140040, 'RODRIGUEZ', 'ARIEL', 'P', '', 9121456789, 'FATHER'),
(923, 109095150119, 'VERZOSA', 'ABEL', 'CAHAYAGAN', '', 9232567890, 'FATHER'),
(924, 108960140027, 'YOPYOP', 'WILSON', 'PERALTA', '', 9343678901, 'FATHER'),
(925, 102829130068, 'ALTEZ', 'JEFFREY', 'S', '', 9454789012, 'FATHER'),
(926, 108971140187, 'AYAPANA', 'GUILLERMO', 'MERLUZA', '', 9565890123, 'FATHER'),
(927, 107156140151, 'BALANE', 'ALLAN', 'ESTAVILLO', '', 9676901234, 'FATHER'),
(928, 108960140003, 'DE LARA', 'CHRISTOPHER', 'AGAZON', '', 9787012345, 'FATHER'),
(929, 108960140006, 'DEL MUNDO', 'ALLAN', 'HARDINAN', '', 9898123456, 'FATHER'),
(930, 108961140012, 'EROLES', 'EDSEL', 'V', '', 9019234567, 'FATHER'),
(931, 108961090038, 'ESTRADA', 'ROMULO', 'C', '', 9123456780, 'FATHER'),
(932, 108961140008, 'FERMIS', 'MENANDRO', 'EMAN', '', 9234567891, 'FATHER'),
(933, 108960140011, 'MAGNAYE', 'AL', 'LHEO LANDICHO', '', 9345678902, 'FATHER'),
(934, 108960140009, 'MARBID', 'RUEL', 'FERNANDEZ', '', 9456789013, 'FATHER'),
(935, 108961140014, 'MEDINA', 'RYAN LESTER', 'CAMBARIHAN', '', 9567890124, 'FATHER'),
(936, 108961140015, 'NIERA', 'RONELO', 'URENIA', '', 9678901235, 'FATHER'),
(937, 108960140012, 'OFLARIA', 'ALEX', 'LABIOS', '', 9789012346, 'FATHER'),
(938, 108961140048, 'PAREDES', 'EFREN', 'RESUENA', '', 9890123457, 'FATHER'),
(939, 108961140049, 'PLANAS', 'DANILO', 'VALENZUELA', '', 9012345679, 'FATHER'),
(940, 109114140067, 'ROCAS', 'BRENDO', 'ORTEGA', '', 9145678903, 'FATHER'),
(941, 136431150207, 'SAMBAHON', 'JERRY', 'RIGORE', '', 9256789014, 'FATHER'),
(942, 102066140216, 'YLARDE', 'ARLON', 'BAGAMASPAD', '', 9367890125, 'FATHER'),
(943, 108961140019, 'ABALOS', 'JOVENCIO', 'JR BOLLOZO', '', 9478901236, 'FATHER'),
(944, 108961140054, 'AGUILAR', 'LOUIE', 'C', '', 9589012347, 'FATHER'),
(945, 108960140029, 'ANGELES', 'NELSON', 'C', '', 9690123458, 'FATHER'),
(946, 111537140054, 'BOLINAS', 'RODOLFO', 'ROSARIO', '', 9701234569, 'FATHER'),
(947, 108961140024, 'CARAEL', 'MARIO', 'ORTIZ', '', 9812345670, 'FATHER'),
(948, 108960140016, 'DE GUZMAN', 'NELSON', 'A', '', 9923456781, 'FATHER'),
(949, 108950140010, 'DELIN', 'RONILO', 'A', '', 9034567892, 'FATHER'),
(950, 108961140029, 'FLORES', 'JONATHAN', 'V', '', 9156789024, 'FATHER'),
(951, 108961140030, 'FRANCISCO', 'JUEL', 'EDROSO', '', 9267890135, 'FATHER'),
(952, 108961140031, 'HONTIVEROS', 'DENNIS', 'A', '', 9378901246, 'FATHER'),
(953, 108961140034, 'LIGANDO', 'RICKY', 'E', '', 9489012357, 'FATHER'),
(954, 108961150078, 'MAGNO', 'RICO', 'ORTEGA', '', 9590123468, 'FATHER'),
(955, 108946140022, 'MANALO', 'RANDY', 'G', '', 9601234579, 'FATHER'),
(956, 108225140778, 'PACAYRA', 'GELITO', 'GARCIA', '', 9712345680, 'FATHER'),
(957, 108960140025, 'PARONE', 'RANIE', 'B', '', 9823456791, 'FATHER'),
(958, 108961140039, 'RADAZA', 'ELMER', 'BUGTAY', '', 9934567802, 'FATHER'),
(959, 108960140026, 'RIEGO', 'RENEBOY', 'R', '', 9045678913, 'FATHER'),
(960, 108961140075, 'AGUIBA', 'EDGARDO', 'DP', '', 9167890235, 'FATHER'),
(961, 108961130003, 'ANGELES', 'ALEX', 'ANGELOU P', '', 9278901346, 'FATHER'),
(962, 108961130034, 'DIMAYUGA', 'GLEN', 'D', '', 9389012457, 'FATHER'),
(963, 108961130009, 'DIPASUPIL', 'ANTONIO', 'R', '', 9490123568, 'FATHER'),
(964, 108961140101, 'PRIETO', 'DOMINADOR', 'GENERALE', '', 9501234679, 'FATHER'),
(965, 108960130017, 'ALEGRE', 'PABLO', 'C', '', 9612345780, 'FATHER'),
(966, 108961120143, 'BALIWAG', 'RONNIE', 'D', '', 9723456891, 'FATHER'),
(967, 108961130045, 'BERDIDA', 'EDUARDO', 'M', '', 9834567902, 'FATHER'),
(968, 108961130021, 'BONSOL', 'ANTONIO', 'A', '', 9945678013, 'FATHER'),
(969, 108960130010, 'CAMBA', 'JOEY', 'DE RAMA', '', 9056789124, 'FATHER'),
(970, 108961130022, 'CAY', 'JOEL', 'ALCANTARA', '', 9178902346, 'FATHER'),
(971, 108959140002, 'CONSTANTINO', 'ARTEMIO', 'O', '', 9289013457, 'FATHER'),
(972, 112621120678, 'DOMINGO', 'RAMON', 'SUMBILLA', '', 9390124568, 'FATHER'),
(973, 108959140004, 'GLORIOSO', 'JAYSON', '', '', 9401235679, 'FATHER'),
(974, 108959130023, 'ODNIMER', 'DONATO', 'P', '', 9512346780, 'FATHER'),
(975, 108961130051, 'ROSALES', 'JOEMER', 'G', '', 9623457891, 'FATHER'),
(976, 108961140093, 'AGUILA', 'RAMIL', 'C', '', 9734568902, 'FATHER'),
(977, 108961140077, 'ALTEZ', 'RAMILO', 'V', '', 9845679013, 'FATHER'),
(978, 111591110025, 'BERDIN', 'JULIO', 'BANAS', '', 9956780124, 'FATHER'),
(979, 108525140001, 'CAMARA', 'MARVIN', 'VILLANUEVA', '', 9067891235, 'FATHER'),
(980, 108960130004, 'DE GUZMAN', 'JO-ANN', 'A', '', 9189012346, 'MOTHER'),
(981, 300763100167, 'DE LEON', 'JERICO', 'T', '', 9290123457, 'FATHER'),
(982, 108961130007, 'DEGRAS', 'ROLAND', 'DELGADO', '', 9301234568, 'FATHER'),
(983, 108960130007, 'DEL MUNDO', 'VICTOR', 'HARDINAN', '', 9412345679, 'FATHER'),
(984, 108961130035, 'ENAD', 'RANDY', 'VILLANUEVA', '', 9523456780, 'FATHER'),
(985, 108961130011, 'EROLES', 'RONNIE', 'U', '', 9634567891, 'FATHER'),
(986, 108961130012, 'EROLES', 'ERNESTO', 'B', '', 9745678902, 'FATHER'),
(987, 108947130007, 'EROLES', 'RUEL', 'MENDOZA', '', 9856789013, 'FATHER'),
(988, 108961130013, 'FAJARDO', 'ELISEO', 'L', '', 9967890124, 'FATHER'),
(989, 108960130008, 'LASHERAS', 'JUDY', 'DL', '', 9078901235, 'FATHER'),
(990, 108961130058, 'LUCES', 'JOELYNDE', 'MACAHILOS', '', 9190123457, 'MOTHER'),
(991, 108961130015, 'MATRE', 'REYNALD', 'MAGBATA', '', 9201234568, 'FATHER'),
(992, 108961130016, 'NIEVA', 'JOELITO', 'NATUEL', '', 9312345679, 'FATHER'),
(993, 108961130039, 'ORTEGA', 'MARCELO', 'A', '', 9423456780, 'FATHER'),
(994, 108134120064, 'JAVIER', 'CATHERINE', '', '', 9534567891, 'MOTHER'),
(995, 108961130041, 'ROCA', 'LUISITO', 'B', '', 9645678902, 'FATHER'),
(996, 108961130042, 'SILVALLANA', 'JOSE', 'DE LA SANTA', '', 9756789013, 'FATHER'),
(997, 108961130018, 'VALDERAMA', 'MARVIN', 'A', '', 9867890124, 'FATHER'),
(998, 108961130019, 'YOPYOP', 'ERWIN', 'P', '', 9978901235, 'FATHER'),
(999, 108961130043, 'ALCANTARA', 'ELVIN', 'BRINGER', '', 9089012346, 'FATHER'),
(1000, 108961130020, 'AN', 'DENNIS', 'TIOSAN', '', 9101234568, 'FATHER'),
(1001, 108961130046, 'BACOLOR', 'BARRY', 'REGIDOR', '', 9212345679, 'FATHER'),
(1002, 108961130023, 'CENA', 'DENNIS', 'RODRIGUEZ', '', 9323456780, 'FATHER'),
(1003, 108961130024, 'DE CASTRO', 'FREDDIERICK', 'L', '', 9434567891, 'FATHER'),
(1004, 108959130021, 'DELIN', 'RANDY', 'C', '', 9545678902, 'FATHER'),
(1005, 108960130012, 'DIONELA', 'MARCOS', 'DON', '', 9656789013, 'FATHER'),
(1006, 108960140001, 'GONZALES', 'AMADOR', 'DEL MUNDO', '', 9767890124, 'FATHER'),
(1007, 108961140073, 'LIGANDO', 'RICKY', 'EGOY', '', 9878901235, 'FATHER'),
(1008, 108961130026, 'MONDOY', 'MARIO', 'I', '', 9989012346, 'FATHER'),
(1009, 108961130050, 'MONTANTE', 'ARISTEO', 'A', '', 9090123457, 'FATHER'),
(1010, 108961130055, 'URSABIA', 'EFREN', 'D', '', 9112345679, 'FATHER'),
(1011, 108961130030, 'VERGANIO', 'PATRICIO', 'CAMBA', '', 9223456780, 'FATHER'),
(1012, 108961130054, 'VERGARA', 'ROLAND', 'O', '', 9334567891, 'FATHER');

-- --------------------------------------------------------

--
-- Table structure for table `rfid`
--

CREATE TABLE `rfid` (
  `rfid_id` int(11) NOT NULL,
  `rfid_number` int(50) DEFAULT NULL,
  `lrn` bigint(50) DEFAULT NULL
) ENGINE=InnoDB DEFAULT CHARSET=utf8mb4 COLLATE=utf8mb4_general_ci;

--
-- Dumping data for table `rfid`
--

INSERT INTO `rfid` (`rfid_id`, `rfid_number`, `lrn`) VALUES
(27, 1190858501, 108959180001),
(28, 2147483647, 108961180003),
(29, 1226471845, 402786180009),
(30, 1189257061, 108960180002),
(31, 1225942085, 108960180003),
(32, 1450823369, 108961180052),
(33, 1224983381, 108961180053),
(34, 1189966981, 108961180013),
(35, 1225600245, 108960180005),
(36, 1225902677, 108961180059),
(37, 1226163477, 108961170004),
(38, 1225351493, 108961180022),
(39, 2147483647, 108961180024),
(40, 2147483647, 108961170061),
(41, 2147483647, 403255170011),
(42, 2147483647, 108960180019),
(43, 2147483647, 108961180032),
(44, 2147483647, 108961180033),
(45, 2147483647, 108961180056),
(46, 1862475093, 108961180035),
(47, 2147483647, 108961180036),
(48, 2052813697, 109542180066),
(49, 2147483647, 108960180022),
(50, 1261970485, 108961180049),
(51, 2147483647, 108960180015),
(52, 2147483647, 108961180039),
(53, 2147483647, 500566180093),
(54, 2147483647, 108959170003),
(55, 2147483647, 108961180050),
(56, 2147483647, 108961180051),
(57, 2147483647, 108960180001),
(58, 2147483647, 108961180017),
(59, 2147483647, 113036170036),
(60, 2147483647, 108961180018),
(61, 2147483647, 108961180020),
(62, 2147483647, 108961180009),
(63, 1482763793, 108961180010),
(64, 2147483647, 108961180012),
(65, 2147483647, 424854180047),
(66, 2147483647, 108960180008),
(67, 2147483647, 108961170052),
(68, 2147483647, 108961180014),
(69, 2147483647, 108961180016),
(70, 2147483647, 108961180023),
(71, 2147483647, 108961170056),
(72, 2147483647, 108960180020),
(73, 2147483647, 108961180025),
(74, 2147483647, 108960180007),
(75, 2147483647, 108961180029),
(76, 1857963420, 108960180011),
(77, 2147483647, 108961180037),
(78, 2147483647, 108961180038),
(79, 2147483647, 108960180012),
(80, 2147483647, 108960180013),
(81, 2147483647, 108960180014),
(82, 2147483647, 108961160028),
(83, 2147483647, 108960180016),
(84, 2147483647, 107969180121),
(85, 2147483647, 108960180025),
(86, 1397048526, 108961170048),
(87, 2147483647, 107552170002),
(88, 2147483647, 108961170003),
(89, 2147483647, 108961170001),
(90, 2147483647, 108961170046),
(91, 2147483647, 108959170001),
(92, 2147483647, 109582170036),
(93, 1928461735, 108961160016),
(94, 2147483647, 108949170036),
(95, 2147483647, 108961170044),
(96, 2147483647, 108959170002),
(97, 2147483647, 108961160031),
(98, 2147483647, 108960170003),
(99, 1248530967, 108961170006),
(100, 2147483647, 108519170021),
(101, 2147483647, 108961170057),
(102, 2067954183, 108961170016),
(103, 2147483647, 108961170018),
(104, 2147483647, 108961170060),
(105, 2147483647, 108961170059),
(106, 2147483647, 108960170006),
(107, 2147483647, 108961170062),
(108, 2147483647, 108960170005),
(109, 1704825693, 109337160272),
(110, 2147483647, 108961170064),
(111, 2147483647, 108961170023),
(112, 2147483647, 108961170025),
(113, 2147483647, 108961170026),
(114, 2147483647, 108961170075),
(115, 2147483647, 108961170077),
(116, 2147483647, 108961170027),
(117, 2147483647, 108960170011),
(118, 2147483647, 108960170008),
(119, 2085396714, 108509170216),
(120, 2147483647, 108961170033),
(121, 2147483647, 500566170226),
(122, 2147483647, 109123170005),
(123, 1836579204, 108961170022),
(124, 2147483647, 108961170043),
(125, 2147483647, 108960160015),
(126, 2147483647, 108961170013),
(127, 2147483647, 108961170014),
(128, 2147483647, 108960170002),
(129, 2147483647, 108961170019),
(130, 2147483647, 108961170050),
(131, 2147483647, 136600150339),
(132, 2147483647, 108511170009),
(133, 2147483647, 108961150075),
(134, 2147483647, 108961170015),
(135, 2147483647, 108961170054),
(136, 2147483647, 108961170080),
(137, 2147483647, 108960170010),
(138, 2147483647, 108961170021),
(139, 2147483647, 108961170063),
(140, 2147483647, 108840170068),
(141, 2147483647, 108960170007),
(142, 2147483647, 108961170024),
(143, 2147483647, 109163170146),
(144, 2147483647, 108961170066),
(145, 2147483647, 108960170009),
(146, 1285397460, 108961170069),
(147, 2147483647, 108961170029),
(148, 2147483647, 108961170030),
(149, 2147483647, 108961170031),
(150, 2147483647, 108961170032),
(151, 2147483647, 108961170070),
(152, 2147483647, 108961170034),
(153, 2147483647, 108961170041),
(154, 2147483647, 108961170038),
(155, 2147483647, 108961170037),
(156, 2147483647, 108961170039),
(157, 2054736918, 108960160001),
(158, 2147483647, 109133160050),
(159, 2147483647, 108961160054),
(160, 2147483647, 108961160047),
(161, 2147483647, 108961160006),
(162, 2147483647, 108961160029),
(163, 2147483647, 108950160010),
(164, 2147483647, 108961130014),
(165, 2147483647, 108961160002),
(166, 2147483647, 108960160007),
(167, 2147483647, 108961160020),
(168, 2147483647, 108960160009),
(169, 1902834765, 107968160165),
(170, 2147483647, 108961160003),
(171, 2147483647, 108961150061),
(172, 2147483647, 108961160011),
(173, 2147483647, 136526160421),
(174, 2147483647, 108961160038),
(175, 2147483647, 108961160001),
(176, 2147483647, 108960160011),
(177, 2147483647, 108961160049),
(178, 2147483647, 108946160004),
(179, 1052847693, 108961160051),
(180, 2147483647, 108961150042),
(181, 2147483647, 108961160024),
(182, 2147483647, 108946160005),
(183, 2147483647, 108961160053),
(184, 2147483647, 108960160016),
(185, 2147483647, 108961150033),
(186, 2147483647, 108961160025),
(187, 2147483647, 108961160005),
(188, 2147483647, 108961160037),
(189, 2147483647, 108961160027),
(190, 2147483647, 108960160014),
(191, 2147483647, 108961160007),
(192, 1369087425, 109740160117),
(193, 2147483647, 108961140058),
(194, 2147483647, 108944160011),
(195, 2147483647, 108961160035),
(196, 2147483647, 108961160036),
(197, 2147483647, 108961160048),
(198, 1384629175, 108653160007),
(199, 2147483647, 108961160009),
(200, 2147483647, 108960160017),
(201, 1974536280, 108946160018),
(202, 2147483647, 108497140032),
(203, 2147483647, 108961150002),
(204, 2147483647, 108961150023),
(205, 2147483647, 108960140007),
(206, 2147483647, 108961150053),
(207, 2147483647, 108961150055),
(208, 2147483647, 108961150025),
(209, 2147483647, 108961150026),
(210, 2147483647, 108525150004),
(211, 2147483647, 108638130117),
(212, 2147483647, 108961150006),
(213, 1439657280, 226001140569),
(214, 2147483647, 226001140591),
(215, 2147483647, 109798140116),
(216, 2147483647, 108960150002),
(217, 2147483647, 108961150029),
(218, 2147483647, 108961150030),
(219, 2147483647, 108961150047),
(220, 2147483647, 108961150012),
(221, 2147483647, 108961150067),
(222, 2147483647, 108961150014),
(223, 2147483647, 108530150006),
(224, 2147483647, 108961150040),
(225, 2147483647, 108961150036),
(226, 2147483647, 108228150043),
(227, 2147483647, 108960150010),
(228, 2147483647, 108961150017),
(229, 2147483647, 108961150039),
(230, 2147483647, 108961150018),
(231, 1305842697, 108961150021),
(232, 2147483647, 102829150004),
(233, 2147483647, 108960150001),
(234, 2147483647, 108961150024),
(235, 2147483647, 108961150074),
(236, 2147483647, 108961140045),
(237, 2147483647, 402431150458),
(238, 2147483647, 108961150020),
(239, 2147483647, 108960150013),
(240, 2147483647, 108961150057),
(241, 2147483647, 108961150068),
(242, 2147483647, 109725150007),
(243, 1629405783, 109095150137),
(244, 2147483647, 108961120009),
(245, 2147483647, 403259152036),
(246, 2147483647, 108961150066),
(247, 1569321784, 108960150009),
(248, 2147483647, 108961150031),
(249, 2147483647, 109059130011),
(250, 2147483647, 108961150009),
(251, 2051937846, 108961150032),
(252, 2147483647, 108960150012),
(253, 2147483647, 108961150013),
(254, 1249758063, 108961150015),
(255, 2147483647, 108961150016),
(256, 2147483647, 402431150444),
(257, 1195724386, 108961150059),
(258, 2147483647, 120020140132),
(259, 2147483647, 108960150008),
(260, 2147483647, 108961150019),
(261, 2147483647, 108961150045),
(262, 1483609572, 108944140071),
(263, 2147483647, 108961140011),
(264, 2147483647, 108961140007),
(265, 2147483647, 108960140010),
(266, 2147483647, 109323140306),
(267, 2147483647, 108961140020),
(268, 2147483647, 108960140014),
(269, 2147483647, 108961140055),
(270, 2147483647, 108961140026),
(271, 2147483647, 108961140027),
(272, 2147483647, 108961140028),
(273, 2147483647, 108961140059),
(274, 2147483647, 108961140064),
(275, 2147483647, 108653140014),
(276, 2147483647, 108961140040),
(277, 2147483647, 109095150119),
(278, 1325798460, 108960140027),
(279, 2147483647, 102829130068),
(280, 2147483647, 108971140187),
(281, 2147483647, 107156140151),
(282, 2147483647, 108960140003),
(283, 2147483647, 108960140006),
(284, 2147483647, 108961140012),
(285, 2147483647, 108961090038),
(286, 2147483647, 108961140008),
(287, 2147483647, 108960140011),
(288, 1308957462, 108960140009),
(289, 2147483647, 108961140014),
(290, 2147483647, 108961140015),
(291, 2147483647, 108960140012),
(292, 2147483647, 108961140048),
(293, 2147483647, 108961140049),
(294, 2147483647, 109114140067),
(295, 1246893075, 136431150207),
(296, 2147483647, 102066140216),
(297, 2147483647, 108961140019),
(298, 2147483647, 108961140054),
(299, 2147483647, 108960140029),
(300, 2147483647, 111537140054),
(301, 1982635074, 108961140024),
(302, 2147483647, 108960140016),
(303, 2147483647, 108950140010),
(304, 2147483647, 108961140029),
(305, 2147483647, 108961140030),
(306, 2147483647, 108961140031),
(307, 2147483647, 108961140034),
(308, 1580749623, 108961150078),
(309, 2147483647, 108946140022),
(310, 2147483647, 108225140778),
(311, 2147483647, 108960140025),
(312, 2147483647, 108961140039),
(313, 2147483647, 108960140026),
(314, 2147483647, 108961140075),
(315, 2147483647, 108961130003),
(316, 2147483647, 108961130034),
(317, 2147483647, 108961130009),
(318, 2147483647, 108961140101),
(319, 2147483647, 108960130017),
(320, 2147483647, 108961120143),
(321, 1209745863, 108961130045),
(322, 2147483647, 108961130021),
(323, 2147483647, 108960130010),
(324, 2147483647, 108961130022),
(325, 2147483647, 108959140002),
(326, 2147483647, 112621120678),
(327, 2147483647, 108959140004),
(328, 2147483647, 108959130023),
(329, 1049752683, 108961130051),
(330, 2147483647, 108961140093),
(331, 2147483647, 108961140077),
(332, 2147483647, 111591110025),
(333, 2147483647, 108525140001),
(334, 2147483647, 108960130004),
(335, 2147483647, 300763100167),
(336, 1864927053, 108961130007),
(337, 2147483647, 108960130007),
(338, 2147483647, 108961130035),
(339, 2147483647, 108961130011),
(340, 2147483647, 108961130012),
(341, 2147483647, 108947130007),
(342, 2147483647, 108961130013),
(343, 2147483647, 108960130008),
(344, 2147483647, 108961130058),
(345, 2147483647, 108961130015),
(346, 2147483647, 108961130016),
(347, 2147483647, 108961130039),
(348, 2147483647, 108134120064),
(349, 2147483647, 108961130041),
(350, 2147483647, 108961130042),
(351, 2147483647, 108961130018),
(352, 2147483647, 108961130019),
(353, 2147483647, 108961130043),
(354, 1268574930, 108961130020),
(355, 2147483647, 108961130046),
(356, 2147483647, 108961130023),
(357, 2147483647, 108961130024),
(358, 2147483647, 108959130021),
(359, 2147483647, 108960130012),
(360, 2147483647, 108960140001),
(361, 2147483647, 108961140073),
(362, 2147483647, 108961130026),
(363, 1590384726, 108961130050),
(364, 2147483647, 108961130055),
(365, 2147483647, 108961130030),
(366, 2147483647, 108961130054);

-- --------------------------------------------------------

--
-- Table structure for table `sections`
--

CREATE TABLE `sections` (
  `section_id` int(11) NOT NULL,
  `section_name` varchar(50) DEFAULT NULL,
  `grade_level` varchar(10) DEFAULT NULL,
  `employee_id` int(20) DEFAULT NULL
) ENGINE=InnoDB DEFAULT CHARSET=utf8mb4 COLLATE=utf8mb4_general_ci;

--
-- Dumping data for table `sections`
--

INSERT INTO `sections` (`section_id`, `section_name`, `grade_level`, `employee_id`) VALUES
(1, 'H PULI', '7', 12345),
(2, 'E JACINTO', '7', 56789),
(3, 'A LUNA', '8', 98765),
(4, 'A BONIFACIO', '8', 54321),
(5, 'G SILANG', '9', 23456),
(6, 'G DEL PILAR', '10', 34567),
(7, 'G JAENA', '10', 45678),
(8, 'GOMEZ', '11', 12578),
(9, 'BURGOS', '11', 35179),
(10, 'AQUINO', '12', 24681),
(11, 'MABINI', '12', 75245);

-- --------------------------------------------------------

--
-- Table structure for table `students`
--

CREATE TABLE `students` (
  `lrn` bigint(50) NOT NULL,
  `lastname` varchar(50) DEFAULT NULL,
  `firstname` varchar(50) DEFAULT NULL,
  `middlename` varchar(50) DEFAULT NULL,
  `suffix` varchar(50) DEFAULT NULL,
  `age` int(50) DEFAULT NULL,
  `birthdate` date DEFAULT NULL,
  `sex` enum('Male','Female') DEFAULT NULL,
  `profile_image` varchar(255) DEFAULT NULL
) ENGINE=InnoDB DEFAULT CHARSET=utf8mb4 COLLATE=utf8mb4_general_ci;

--
-- Dumping data for table `students`
--

INSERT INTO `students` (`lrn`, `lastname`, `firstname`, `middlename`, `suffix`, `age`, `birthdate`, `sex`, `profile_image`) VALUES
(102066140216, 'YLARDE', 'MARK ANGELO', 'PAYA', '', 17, '2009-01-22', 'Male', NULL),
(102829130068, 'ALTEZ', 'JHAN CARLO', 'UBANA', '', 18, '2007-11-07', 'Male', NULL),
(102829150004, 'ALTEZ', 'JOHN ANGELO', 'UBA?A', '', 16, '2010-01-01', 'Male', NULL),
(107156140151, 'BALANE', 'JAMES LIAN', 'MABUTING', '', 16, '2009-07-23', 'Male', NULL),
(107552170002, 'ANCAJA', 'BRENT GWAYNE', 'LUMANGLAS', '', 14, '2011-12-10', 'Male', NULL),
(107968160165, 'QUINDOZA', 'ANDREI', 'PACHECO', '', 14, '2011-10-29', 'Male', NULL),
(107969180121, 'QUINDOZA', 'AYESSA', '', '', 12, '2013-09-15', 'Female', NULL),
(108134120064, 'PASAMIC', 'ADRIAN WESLY', 'PULIDO', '', 19, '2006-12-24', 'Male', NULL),
(108225140778, 'PACAYRA', 'EDILITHA', 'DISONGLO', '', 18, '2007-11-22', 'Female', NULL),
(108228150043, 'LOPEZ', 'CYLINE NICOLE', 'PACAYRA', '', 15, '2010-08-24', 'Female', NULL),
(108497140032, 'ABAYON', 'JHIAN CARLO', 'TOLENTINO', '', 17, '2008-11-06', 'Male', NULL),
(108509170216, 'ORTIZ', 'ZYLEN JEAN', 'VILLAVERDE', '', 14, '2011-12-16', 'Female', NULL),
(108511170009, 'GULLA', 'MCHARRY', 'SERNA', '', 14, '2011-12-14', 'Male', NULL),
(108519170021, 'OVAR', 'RHENZ', '', '', 15, '2011-02-18', 'Male', NULL),
(108525140001, 'CAMARA', 'RENIEL', 'VILLACRUEL', '', 18, '2008-01-11', 'Male', NULL),
(108525150004, 'LOPEZ', 'GIAN CLARK', 'RODIL', '', 16, '2010-08-01', 'Male', NULL),
(108530150006, 'EROLES', 'MARIA ANN', 'LARCENA', '', 16, '2010-07-07', 'Female', NULL),
(108638130117, 'OCTOMAN', 'JOHN LLOYD', 'LEOP', '', 18, '2008-07-09', 'Male', NULL),
(108653140014, 'RAMOS', 'MARY CLAIRE', 'ACLAN', '', 17, '2008-12-05', 'Female', NULL),
(108653160007, 'RAMOS', 'QUENIE MAE', 'ACLAN', '', 15, '2011-05-28', 'Female', NULL),
(108840170068, 'BALANE', 'ALYANA', 'MABUTING', '', 14, '2012-03-30', 'Female', NULL),
(108944140071, 'BUENDIA', 'KEN IVAN CODY', 'PORTES', '', 16, '2009-09-16', 'Male', NULL),
(108944160011, 'LAGRASON', 'PRINCESS', 'CALBO', '', 15, '2010-11-03', 'Female', NULL),
(108946140022, 'MANALO', 'KETHLYN', 'RODRIGUEZ', '', 16, '2009-07-26', 'Female', NULL),
(108946160004, 'ANDA', 'CLESHALL ANNE', 'OCAN', '', 15, '2010-12-27', 'Female', NULL),
(108946160005, 'CASTILLO', 'GERALDINE', 'CASTILLO', '', 15, '2010-11-12', 'Female', NULL),
(108946160018, 'YTANG', 'LYNJOY', 'URSAL', '', 15, '2010-09-16', 'Female', NULL),
(108947130007, 'EROLES', 'NEIL WINCHESTER', 'MAAT', '', 18, '2007-12-28', 'Male', NULL),
(108949170036, 'FLORES', 'LANCE ANGEL', 'DE TORRES', '', 14, '2012-07-14', 'Male', NULL),
(108950140010, 'DELIN', 'ROMA JANE', 'BAUTISTA', '', 16, '2009-10-19', 'Female', NULL),
(108950160010, 'FAJARDO', 'DAXEN', 'NERA', '', 15, '2011-01-18', 'Male', NULL),
(108959130021, 'DELIN', 'MARIANE', 'SEGUI', '', 18, '2008-04-26', 'Female', NULL),
(108959130023, 'ODNIMER', 'DONALYN', 'ABAYON', '', 18, '2008-03-02', 'Female', NULL),
(108959140002, 'CONSTANTINO', 'ARLLYN', 'CURATCHO', '', 17, '2008-10-25', 'Female', NULL),
(108959140004, 'GLORIOSO', 'ALYSSA', 'DELIN', '', 17, '2008-10-15', 'Female', NULL),
(108959170001, 'CONSTANTINO', 'ANTHONY', 'CURATCHO', '', 15, '2011-07-12', 'Male', NULL),
(108959170002, 'GLORIOSO', 'ANDREY', 'DELIN', '', 14, '2012-03-16', 'Male', NULL),
(108959170003, 'SANCHEZ', 'ANGEL', 'CAMBARIHAN', '', 14, '2012-05-28', 'Female', NULL),
(108959180001, 'ALOTA', 'JUNEL', 'BAUTISTA', '', 13, '2013-01-01', 'Male', NULL),
(108960130004, 'DE GUZMAN', 'JUN JUN', '', '', 18, '2008-06-17', 'Male', NULL),
(108960130007, 'DEL MUNDO', 'ADRIAN', 'REJUSO', '', 17, '2008-08-05', 'Male', NULL),
(108960130008, 'LASHERAS', 'JON DARREN', 'ANDALAJAO', '', 18, '2008-03-07', 'Male', NULL),
(108960130010, 'CAMBA', 'KC', 'BANA', '', 17, '2008-08-20', 'Female', NULL),
(108960130012, 'DIONELA', 'JUDITH', 'DE GUZMAN', '', 18, '2008-01-13', 'Female', NULL),
(108960130017, 'ALEGRE', 'ASHLIE MAE', 'MONTANO', '', 17, '2008-10-10', 'Female', NULL),
(108960140001, 'GONZALES', 'PRINCESS KRISHA', 'SAN JOSE', '', 17, '2008-09-02', 'Female', NULL),
(108960140003, 'DE LARA', 'CJ', 'PERALTA', '', 17, '2009-02-01', 'Male', NULL),
(108960140006, 'DEL MUNDO', 'ALLAN', 'DAPULA', 'JR', 17, '2009-04-06', 'Male', NULL),
(108960140007, 'DOMINGO', 'AJ', 'QUINDOZA', '', 16, '2009-09-06', 'Male', NULL),
(108960140009, 'MARBID', 'LANCE', 'YOPYOP', '', 17, '2009-04-30', 'Male', NULL),
(108960140010, 'MAGCAMIT', 'RHEN JAY', 'YOPYOP', '', 17, '2009-01-16', 'Male', NULL),
(108960140011, 'MAGNAYE', 'ALJHUN JAMES', 'ILLUSTRE', '', 16, '2009-08-24', 'Male', NULL),
(108960140012, 'OFLARIA', 'VON ALEX', 'DE LOS SANTOS', '', 17, '2009-05-25', 'Male', NULL),
(108960140014, 'ARATEA', 'JENNYLYN', 'PERALTA', '', 17, '2009-01-13', 'Female', NULL),
(108960140016, 'DE GUZMAN', 'ARLENE', 'BALAORO', '', 17, '2009-02-28', 'Female', NULL),
(108960140025, 'PARONE', 'MARIAN JOY', 'MELLANES', '', 17, '2009-03-03', 'Female', NULL),
(108960140026, 'RIEGO', 'RHIAN', 'DE GUZMAN', '', 17, '2009-06-18', 'Female', NULL),
(108960140027, 'YOPYOP', 'WELLA ERICKA', 'ANDAL', '', 17, '2008-12-13', 'Female', NULL),
(108960140029, 'ANGELES', 'ANA JEAN', 'DE GUZMAN', '', 17, '2009-06-11', 'Female', NULL),
(108960150001, 'DE RAMA', 'JULIUS', 'CORONADO', '', 16, '2009-10-18', 'Male', NULL),
(108960150002, 'YOPYOP', 'JACK', 'TULLE', '', 16, '2010-03-23', 'Male', NULL),
(108960150008, 'TIOSAN', 'RENELYN', 'CARANDANG', '', 16, '2010-03-09', 'Female', NULL),
(108960150009, 'BANDIOLA', 'ALEXAH', 'DOMINGO', '', 16, '2010-07-20', 'Female', NULL),
(108960150010, 'LUCES', 'JELLY', 'OFLARIA', '', 15, '2010-08-29', 'Female', NULL),
(108960150012, 'CATAAG', 'JAZMINE', 'MANGUE', '', 16, '2009-10-22', 'Female', NULL),
(108960150013, 'LASCIERAS', 'PATRICK', 'FIGUEROA', '', 16, '2010-08-21', 'Male', NULL),
(108960160001, 'AYAPANA', 'JAKE', 'PUREZA', '', 15, '2011-05-16', 'Male', NULL),
(108960160007, 'MACALINDOL', 'ALJON', 'DOMINGO', '', 15, '2011-05-09', 'Male', NULL),
(108960160009, 'PISIG', 'MATT LAWRENCE', 'BASCO', '', 15, '2010-11-01', 'Male', NULL),
(108960160011, 'ALEGRE', 'LORELYN MAE', 'MONTANO', '', 15, '2011-05-25', 'Female', NULL),
(108960160014, 'GONZALES', 'AMARAH', 'SAN JOSE', '', 15, '2011-04-03', 'Female', NULL),
(108960160015, 'DE LEON', 'RENSO', 'OLLERES', '', 15, '2011-05-13', 'Male', NULL),
(108960160016, 'DEL MUNDO', 'ANA JOY', 'DAPULA', '', 15, '2011-06-10', 'Female', NULL),
(108960160017, 'VILLASOTO', 'MICHELLE', 'PERALTA', '', 15, '2011-03-23', 'Female', NULL),
(108960170002, 'DEL MUNDO', 'JOHN VINCE', 'REJUSO', '', 14, '2012-03-09', 'Male', NULL),
(108960170003, 'MAPILOT', 'RHONEL', 'DOMINGO', '', 14, '2012-04-20', 'Male', NULL),
(108960170005, 'YOPYOP', 'JOHN PAUL', 'ANDAL', '', 14, '2012-01-01', 'Male', NULL),
(108960170006, 'TIOSAN', 'MIKE ANDRIE', 'CARANDANG', '', 14, '2012-01-07', 'Male', NULL),
(108960170007, 'CATAAG', 'JESSA MAE', 'MANGUE', '', 14, '2012-01-05', 'Female', NULL),
(108960170008, 'LAGAR', 'AYESHA', 'PARANGALAN', '', 14, '2012-04-24', 'Female', NULL),
(108960170009, 'LLANES', 'BRIANNA VIEN', 'VERAN', '', 14, '2011-09-24', 'Female', NULL),
(108960170010, 'PERALTA', 'CHRIS LORENZ', 'BULAWAN', '', 14, '2011-12-16', 'Male', NULL),
(108960170011, 'LAGAR', 'ANDREA', 'PARANGALAN', '', 14, '2012-04-24', 'Female', NULL),
(108960180001, 'AYAPANA', 'KENT BENEDICK', 'PUREZA', '', 13, '2013-07-14', 'Male', NULL),
(108960180002, 'DIONELA', 'CEEJAY', 'DE GUZMAN', '', 13, '2012-09-16', 'Male', NULL),
(108960180003, 'DOMINGO', 'NIGEL', 'BAROTILLO', '', 13, '2012-12-05', 'Male', NULL),
(108960180005, 'LANDICHO', 'KEN ANDREW', 'DELA PE?A', '', 12, '2013-08-30', 'Male', NULL),
(108960180007, 'YOPYOP', 'ALDRED', 'TULLE', '', 13, '2012-10-27', 'Male', NULL),
(108960180008, 'LANDICHO', 'JOHN PHILIP', 'BALEDIO', '', 13, '2012-09-06', 'Male', NULL),
(108960180011, 'DELA PE?A', 'LIANA ERIKA', 'ESCAMILLAS', '', 12, '2013-08-28', 'Female', NULL),
(108960180012, 'LACE', 'REYSA', 'VISMONTE', '', 14, '2012-07-26', 'Female', NULL),
(108960180013, 'LASCIERAS', 'KATE', 'FIGUEROA', '', 12, '2014-03-21', 'Female', NULL),
(108960180014, 'LASCIERAS', 'KAYE', 'FIGUEROA', '', 12, '2013-10-13', 'Female', NULL),
(108960180015, 'MACALINDOL', 'ALTHEEA', 'DOMINGO', '', 13, '2013-05-20', 'Female', NULL),
(108960180016, 'MARASIGAN', 'EUNICE', 'BULIGAO', '', 13, '2012-09-19', 'Female', NULL),
(108960180019, 'BALLESTEROS', 'JENNYLYN', 'DE GUZMAN', '', 13, '2013-01-07', 'Female', NULL),
(108960180020, 'PINCA', 'PAOLO', 'DEL MUNDO', '', 13, '2013-02-14', 'Male', NULL),
(108960180022, 'GONZALES', 'AYESSA', 'SAN JOSE', '', 13, '2013-06-03', 'Female', NULL),
(108960180025, 'REJOSO', 'RICAH', 'DELA CRUZ', '', 14, '2012-07-19', 'Female', NULL),
(108961090038, 'ESTRADA', 'WALTER', 'CAMBARIHAN', '', 25, '2001-05-14', 'Male', NULL),
(108961120009, 'YTANG', 'ELJHON', 'URSAL', '', 21, '2005-04-03', 'Male', NULL),
(108961120143, 'BALIWAG', 'RONALYN', 'MENDOZA', '', 18, '2007-08-10', 'Female', NULL),
(108961130003, 'ANGELES', 'AUDRAIN TAHJ', 'BANDIANO', '', 18, '2008-01-10', 'Male', NULL),
(108961130007, 'DEGRAS', 'LANCE', 'PIA', '', 18, '2007-11-19', 'Male', NULL),
(108961130009, 'DIPASUPIL', 'ANTONIO', 'AMANDY', 'JR', 18, '2008-05-14', 'Male', NULL),
(108961130011, 'EROLES', 'AERON', 'MANALO', '', 18, '2008-05-03', 'Male', NULL),
(108961130012, 'EROLES', 'JVEE', 'CASTRO', '', 18, '2007-12-28', 'Male', NULL),
(108961130013, 'FAJARDO', 'MARK LEO', 'VENDER', '', 18, '2007-10-18', 'Male', NULL),
(108961130014, 'HITOSIS', 'JOHN REYMOND', 'DELA PE?A', '', 18, '2008-04-22', 'Male', NULL),
(108961130015, 'MATRE', 'IZAN ROI', 'DIVINAFLOR', '', 18, '2008-04-12', 'Male', NULL),
(108961130016, 'NIEVA', 'JAN ISAAC', 'FABELLON', '', 18, '2007-11-09', 'Male', NULL),
(108961130018, 'VALDERAMA', 'MICCO', 'BUEDRON', '', 17, '2008-08-17', 'Male', NULL),
(108961130019, 'YOPYOP', 'SHERLO', 'ROGELIO', '', 18, '2008-02-16', 'Male', NULL),
(108961130020, 'AN', 'TRIZIA DINES', 'SAN JUAN', '', 18, '2008-01-04', 'Female', NULL),
(108961130021, 'BONSOL', 'DENBELL', 'AGATON', '', 17, '2008-01-31', 'Female', NULL),
(108961130022, 'CAY', 'KIENNELLA CHYRELLE', 'AGUIBA', '', 18, '2007-11-09', 'Female', NULL),
(108961130023, 'CENA', 'KEITH FRANCHESCA', 'RAMOS', '', 18, '2008-04-21', 'Female', NULL),
(108961130024, 'DE CASTRO', 'JAMAICA JOY', 'TEOXON', '', 18, '2008-06-04', 'Female', NULL),
(108961130026, 'MONDOY', 'MARIAN', 'DELA PE?A', '', 17, '2008-08-04', 'Female', NULL),
(108961130030, 'VERGANIO', 'FREYA ANN PATRISH', 'EROLES', '', 18, '2008-03-17', 'Female', NULL),
(108961130034, 'DIMAYUGA', 'JOHN RENZ', 'VALLESTEROS', '', 17, '2008-09-01', 'Male', NULL),
(108961130035, 'ENAD', 'JOHN CARLO', 'TULBO', '', 17, '2008-08-30', 'Male', NULL),
(108961130039, 'ORTEGA', 'PRINCE JOMAR', 'PERLADA', '', 18, '2008-01-19', 'Male', NULL),
(108961130041, 'ROCA', 'JOHN LLOYD', 'CARBAQUIL', '', 17, '2008-07-03', 'Male', NULL),
(108961130042, 'SILVALLANA', 'CHRISTIAN GABTIEL', 'PONCE', '', 18, '2007-12-25', 'Male', NULL),
(108961130043, 'ALCANTARA', 'BEA CLARIZ', 'CAPISTRANO', '', 18, '2008-04-02', 'Female', NULL),
(108961130045, 'BERDIDA', 'ERICA', 'VELEZ', '', 18, '2008-05-21', 'Female', NULL),
(108961130046, 'BACOLOR', 'JANZYNE KYLE', 'BAGALAY', '', 17, '2008-10-30', 'Female', NULL),
(108961130050, 'MONTANTE', 'IRISH JANE', 'DELLAVA', '', 18, '2007-11-12', 'Female', NULL),
(108961130051, 'ROSALES', 'MARIA CRISTINA', 'TACASTACAS', '', 18, '2007-12-25', 'Female', NULL),
(108961130054, 'VERGARA', 'JASMINE LORRAINE', 'FOLTUN', '', 17, '2008-09-14', 'Female', NULL),
(108961130055, 'URSABIA', 'LOVELY MAY', 'AREVALO', '', 18, '2008-05-18', 'Female', NULL),
(108961130058, 'LUCES', 'JOEMAR JAYDEN', 'MACAHILOS', '', 18, '2007-10-04', 'Male', NULL),
(108961140007, 'ESCOBAR', 'EARL JHON', 'EROLES', '', 17, '2008-12-09', 'Male', NULL),
(108961140008, 'FERMIS', 'MELVIN', 'HERMOSO', '', 17, '2009-04-18', 'Male', NULL),
(108961140011, 'DELA PE?A', 'MARK JUSTINE', 'EDA?O', '', 17, '2008-11-08', 'Male', NULL),
(108961140012, 'EROLES', 'ROY LEVI', 'OCAN', '', 16, '2009-10-22', 'Male', NULL),
(108961140014, 'MEDINA', 'ZANE JARED', 'CALUGAY', '', 16, '2009-10-27', 'Male', NULL),
(108961140015, 'NIERA', 'JAMES', 'MADRIAGA', '', 16, '2009-10-26', 'Male', NULL),
(108961140019, 'ABALOS', 'JENNY ROSE', 'UNTALAN', '', 17, '2009-04-20', 'Female', NULL),
(108961140020, 'ANGELES', 'ZHAMEL', 'DIAZ', '', 17, '2008-11-02', 'Female', NULL),
(108961140024, 'CARAEL', 'MARIANNE', 'DEDUYO', '', 17, '2009-05-09', 'Female', NULL),
(108961140026, 'ELEJIDO', 'ELIJAH JAIRA', 'MUEGA', '', 16, '2009-08-15', 'Female', NULL),
(108961140027, 'ESGUERRA', 'AUBREY CEANNA', 'ALEGRE', '', 17, '2009-03-04', 'Female', NULL),
(108961140028, 'FABIE', 'JAMAICA', 'BONEO', '', 16, '2009-09-13', 'Female', NULL),
(108961140029, 'FLORES', 'CHRISTINE GAYLE', 'UNTALAN', '', 17, '2008-12-17', 'Female', NULL),
(108961140030, 'FRANCISCO', 'AIRA MAE', 'MAGNO', '', 17, '2008-12-26', 'Female', NULL),
(108961140031, 'HONTIVEROS', 'JENNY ROSE', 'EROLES', '', 17, '2009-05-28', 'Female', NULL),
(108961140034, 'LIGANDO', 'KEIARA', 'EROLES', '', 16, '2009-09-17', 'Female', NULL),
(108961140039, 'RADAZA', 'ELCA NICOLE', 'AN', '', 17, '2008-11-10', 'Female', NULL),
(108961140040, 'RODRIGUEZ', 'PRECIOUS LYKA', 'LAZO', '', 16, '2009-09-19', 'Female', NULL),
(108961140045, 'ILAO', 'MARK KIAN', 'VELASQUEZ', '', 17, '2008-11-10', 'Male', NULL),
(108961140048, 'PAREDES', 'GWEN ADRIEL', 'YANORIA', '', 17, '2009-04-29', 'Male', NULL),
(108961140049, 'PLANAS', 'JOHN DAIVE', 'ROLDAN', '', 17, '2009-02-25', 'Male', NULL),
(108961140054, 'AGUILAR', 'LOUISSE ANGELA', 'EROLES', '', 16, '2009-07-16', 'Female', NULL),
(108961140055, 'CAMBA', 'ARTCHIE', 'FERMIS', '', 17, '2009-02-13', 'Female', NULL),
(108961140058, 'LACABA', 'ABEGAIL', 'VERGANIO', '', 17, '2009-04-08', 'Female', NULL),
(108961140059, 'MONDOY', 'ROXANNE', 'VELASCO', '', 17, '2008-12-03', 'Female', NULL),
(108961140064, 'POLO', 'VANESSA', 'VERSOZA', '', 16, '2009-09-25', 'Female', NULL),
(108961140073, 'LIGANDO', 'KEIREN JOY', 'EROLES', '', 18, '2008-06-16', 'Female', NULL),
(108961140075, 'AGUIBA', 'NOAH', 'OCFEMIA', '', 18, '2008-05-22', 'Male', NULL),
(108961140077, 'ALTEZ', 'NOEL', 'SALLUTAN', '', 17, '2008-10-28', 'Male', NULL),
(108961140093, 'AGUILA', 'JHON LLOYD', 'BINALLA', '', 17, '2008-08-20', 'Male', NULL),
(108961140101, 'PRIETO', 'DOMINIK', 'VALENZUELA', '', 17, '2008-08-24', 'Male', NULL),
(108961150002, 'ALTEZ', 'RALP JOHN', 'CAMBA', '', 15, '2010-09-27', 'Male', NULL),
(108961150006, 'VALDERAMA', 'MARVIN', 'BUEDRON', 'JR', 16, '2010-05-23', 'Male', NULL),
(108961150009, 'CALDERON', 'JELAINE KHYLA', 'GUIBANE', '', 15, '2010-10-10', 'Female', NULL),
(108961150012, 'DE GUZMAN', 'GINEVHE', 'GUIBANE', '', 17, '2009-07-17', 'Female', NULL),
(108961150013, 'DE LA CRUZ', 'JOY', 'UNTALAN', '', 16, '2010-03-02', 'Female', NULL),
(108961150014, 'DELA PE?A', 'HELARY KIM', 'EDA?O', '', 15, '2010-09-11', 'Female', NULL),
(108961150015, 'EROLES', 'LISETTE', 'QUINTO', '', 15, '2010-10-27', 'Female', NULL),
(108961150016, 'GARUFIL', 'WINALYN', 'EROLES', '', 16, '2009-11-15', 'Female', NULL),
(108961150017, 'OCAN', 'KATRINA', 'EROLES', '', 16, '2009-11-08', 'Female', NULL),
(108961150018, 'SEVILLENA', 'JANELLE', 'ROGELIO', '', 16, '2009-10-14', 'Female', NULL),
(108961150019, 'VERGARA', 'ALEXA', 'FULTON', '', 16, '2010-08-02', 'Female', NULL),
(108961150020, 'LANNA', 'JHON CARLO', 'LUNA', '', 16, '2010-01-26', 'Male', NULL),
(108961150021, 'AGUIBA', 'JOHN BENEDICT', 'ROBLES', '', 16, '2010-07-02', 'Male', NULL),
(108961150023, 'CAMBARIHAN', 'JHON JAIRUS', 'GLORIOSO', '', 16, '2010-06-26', 'Male', NULL),
(108961150024, 'DEGRAS', 'GEO ALDREX', 'CAMBARIHAN', '', 15, '2010-08-26', 'Male', NULL),
(108961150025, 'LASQUETY', 'IAN MARK', 'ABLA?A', '', 16, '2010-04-03', 'Male', NULL),
(108961150026, 'LIMOS', 'CARL JOAQUIN', 'REYES', '', 16, '2010-05-28', 'Male', NULL),
(108961150029, 'ABAYON', 'REYNALYN', 'AQUILES', '', 16, '2009-12-13', 'Female', NULL),
(108961150030, 'AGUIBA', 'JENNY ROSE', 'ALIMAN', '', 16, '2010-03-06', 'Female', NULL),
(108961150031, 'BARCELONA', 'JAN KRISTA', 'FURIGAY', '', 16, '2010-01-02', 'Female', NULL),
(108961150032, 'CAMBA', 'AIZA MAY', 'GLORIOSO', '', 16, '2010-05-15', 'Female', NULL),
(108961150033, 'DELGADO', 'ILYN', 'BALDOS', '', 16, '2010-01-23', 'Female', NULL),
(108961150036, 'ILAGAN', 'BEA', 'SANCHEZ', '', 16, '2010-02-01', 'Female', NULL),
(108961150039, 'PONPON', 'MARY ANN', 'TOLING', '', 15, '2010-10-05', 'Female', NULL),
(108961150040, 'GARUFIL', 'CAILEINE MAE', 'ORFILA', '', 16, '2009-11-20', 'Female', NULL),
(108961150042, 'BALIWAG', 'ARJEAN', 'MENDOZA', '', 15, '2010-10-09', 'Female', NULL),
(108961150045, 'YTANG', 'JONALYN', 'URSAL', '', 17, '2008-08-29', 'Female', NULL),
(108961150047, 'CODILLA', 'LIRAMIL', 'CANTRE', '', 15, '2010-09-16', 'Female', NULL),
(108961150053, 'GATDULA', 'RAIN DENNIS', 'VALDEZ', '', 16, '2010-06-25', 'Male', NULL),
(108961150055, 'GUTIERREZ', 'DHANREX', 'GATDULA', '', 16, '2010-08-12', 'Male', NULL),
(108961150057, 'MARIENTES', 'EDIE BOY', 'CAPAROSO', '', 15, '2010-09-15', 'Male', NULL),
(108961150059, 'ROCA', 'MA LUISA', 'CARBAQUIL', '', 16, '2010-04-05', 'Female', NULL),
(108961150061, 'RODEJO', 'ROMMEL', 'LACERNA', '', 15, '2010-09-23', 'Male', NULL),
(108961150066, 'ZINAMPAN', 'JOHN PAUL', 'CORRAL', '', 16, '2010-07-06', 'Male', NULL),
(108961150067, 'DE LA PE?A', 'MARGELINE', 'VILLARUEL', '', 16, '2009-12-03', 'Female', NULL),
(108961150068, 'NIERA', 'DARWIN', 'BERAL', '', 15, '2010-10-14', 'Male', NULL),
(108961150074, 'HONTIVEROS', 'CHARLES DAVID', 'LOGATOC', '', 17, '2009-05-22', 'Male', NULL),
(108961150075, 'HONTIVEROS', 'CHARLES JAMES', 'LOGATOC', '', 17, '2009-05-22', 'Male', NULL),
(108961150078, 'MAGNO', 'LYKA JEAN', 'DEGRAS', '', 16, '2009-09-25', 'Female', NULL),
(108961160001, 'VILLARUEL', 'JAKE', 'VALLADOLID', '', 15, '2011-03-28', 'Male', NULL),
(108961160002, 'JASMIN', 'DAVE', 'BAUTISTA', '', 15, '2011-06-23', 'Male', NULL),
(108961160003, 'RADAZA', 'CHRISTIAN ERIC', 'AN', '', 15, '2010-11-24', 'Male', NULL),
(108961160005, 'EROLES', 'SALVE REGINA', 'TUMOLIN', '', 15, '2010-11-05', 'Female', NULL),
(108961160006, 'EROLES', 'FRINCE JOBERT', 'FLORES', '', 15, '2010-11-20', 'Male', NULL),
(108961160007, 'ILAO', 'MARIEL', 'DE CASTRO', '', 15, '2010-08-25', 'Female', NULL),
(108961160009, 'VERGANIO', 'CHRISTINE JOY ANN', 'EROLES', '', 15, '2010-12-13', 'Female', NULL),
(108961160011, 'SEVILLENA', 'JOHN PATRICK', 'ROGELIO', '', 15, '2010-11-07', 'Male', NULL),
(108961160016, 'EROLES', 'CHARLIE JAY', 'VERGANIO', '', 15, '2011-01-14', 'Male', NULL),
(108961160020, 'MALINIZA', 'ALADIN', 'GUAB', '', 17, '2009-02-17', 'Male', NULL),
(108961160024, 'CARAEL', 'IVY JANE', 'DEDUYO', '', 15, '2010-11-18', 'Female', NULL),
(108961160025, 'DONES', 'QUEEN CAYLIE', 'ANGELES', '', 15, '2011-05-23', 'Female', NULL),
(108961160027, 'FRAGO', 'NHELA ZENALOU', 'PEDERNAL', '', 15, '2011-04-21', 'Female', NULL),
(108961160028, 'MALINIZA', 'DANICA MAE', 'AGATON', '', 16, '2010-04-22', 'Female', NULL),
(108961160029, 'EROLES', 'XYRHEX', 'MAAT', '', 15, '2010-09-13', 'Male', NULL),
(108961160031, 'HECITA', 'EDRIAN', 'EROLES', '', 15, '2011-04-22', 'Male', NULL),
(108961160035, 'MONLEON', 'YZA MYELLA', 'QUINTO', '', 15, '2011-06-12', 'Female', NULL),
(108961160036, 'NEPOMUCENO', 'KATE', 'AMANTE', '', 15, '2011-04-09', 'Female', NULL),
(108961160037, 'FERMIS', 'MAYBELINE', 'HERMOSO', '', 15, '2011-05-20', 'Female', NULL),
(108961160038, 'VERGANIO', 'MARK ANGELO', 'CABRERA', '', 15, '2011-06-03', 'Male', NULL),
(108961160047, 'CAMBA', 'CARLO', 'FERMIS', '', 15, '2010-11-08', 'Male', NULL),
(108961160048, 'PACAYRA', 'CHRISTEL', 'DISONGLO', '', 15, '2011-05-15', 'Female', NULL),
(108961160049, 'ALOTA', 'SARRAH JHEN', 'BAUTISTA', '', 15, '2010-12-28', 'Female', NULL),
(108961160051, 'ARAZO', 'REA MAE', 'PENSADER', '', 15, '2011-01-21', 'Female', NULL),
(108961160053, 'CLEMENTE', 'MECHAELA JANE', 'BAUTISTA', '', 15, '2011-05-31', 'Female', NULL),
(108961160054, 'BAUTISTA', 'JESSRYL', 'TEROL', '', 15, '2010-12-22', 'Male', NULL),
(108961170001, 'CAMBARIHAN', 'RENZ JEO', 'GLORIOSO', '', 14, '2012-03-09', 'Male', NULL),
(108961170003, 'ANGCAJAS', 'EDDIE', 'MALINAO', 'JR', 14, '2012-04-21', 'Male', NULL),
(108961170004, 'NOCIETE', 'NOAH', 'ILAGAN', '', 14, '2011-12-23', 'Male', NULL),
(108961170006, 'MONDOY', 'DENNIS', 'MADRIGAL', 'JR', 14, '2012-01-15', 'Male', NULL),
(108961170013, 'DEGRAS', 'HANS JETRO', 'FERMIS', '', 15, '2011-08-18', 'Male', NULL),
(108961170014, 'DEGRAS', 'JHON ALLEN', 'PIA', '', 15, '2011-07-16', 'Male', NULL),
(108961170015, 'ILAO', 'EMMANUEL', 'CASAO', '', 15, '2011-08-01', 'Male', NULL),
(108961170016, 'QUINCENA', 'PRINCE GABRIEL', 'ARDALES', '', 14, '2011-11-24', 'Male', NULL),
(108961170018, 'RADAZA', 'KEVIN CREILLE', 'AN', '', 14, '2012-04-22', 'Male', NULL),
(108961170019, 'DELIN', 'NAETHAN QUIEL', '', '', 14, '2011-09-19', 'Male', NULL),
(108961170021, 'VERGARA', 'ROWJAN', 'FULTON', '', 14, '2012-04-20', 'Male', NULL),
(108961170022, 'BONDE', 'JOHN ELRAY', 'URTULA', '', 15, '2011-08-15', 'Male', NULL),
(108961170023, 'CRUZAT', 'JURELLE ANNE', 'CAMBA', '', 14, '2012-04-28', 'Female', NULL),
(108961170024, 'DELA PE?A', 'AUBREY ANNE', 'QUINCENA', '', 14, '2012-04-17', 'Female', NULL),
(108961170025, 'DELGADO', 'JANNAH ALIYAH', 'CABAGONG', '', 14, '2012-03-15', 'Female', NULL),
(108961170026, 'DELIMA', 'AVRIL RHEIAN', 'EROLES', '', 14, '2012-01-22', 'Female', NULL),
(108961170027, 'GONZALES', 'ATASHIA MHAE', 'PIEDAD', '', 14, '2011-10-27', 'Female', NULL),
(108961170029, 'MONDOY', 'ANGELINE', 'VELASCO', '', 14, '2011-11-16', 'Female', NULL),
(108961170030, 'MONTANTE', 'MARIA ANTONIA', 'DELLAVA', '', 14, '2012-03-30', 'Female', NULL),
(108961170031, 'NERA', 'KATHERINE', 'ESCOTO', '', 14, '2012-01-28', 'Female', NULL),
(108961170032, 'NIEVA', 'BERYL FAITH', 'FABELLON', '', 15, '2011-08-04', 'Female', NULL),
(108961170033, 'PALLAT', 'ALIYAH JANE', 'ENDAYA', '', 14, '2011-10-09', 'Female', NULL),
(108961170034, 'PAREDES', 'MITTZ FHRENZYN', 'YANORIA', '', 14, '2011-10-27', 'Female', NULL),
(108961170037, 'VERGARA', 'AMILA JOY', 'ALANO', '', 14, '2011-08-29', 'Female', NULL),
(108961170038, 'SAMARISTA', 'JAHNIA MARVIE', 'OFLARIA', '', 15, '2011-08-13', 'Female', NULL),
(108961170039, 'VILLAREAL', 'JHANNA ANN', 'DEGRAS', '', 14, '2012-02-23', 'Female', NULL),
(108961170041, 'PE?AFLOR', 'PRINCESS  SYRILLE', 'MEDINA', '', 14, '2012-02-10', 'Female', NULL),
(108961170043, 'CAMBA', 'ROS JEZREEL', 'GLORIOSO', '', 14, '2011-11-23', 'Male', NULL),
(108961170044, 'GLEE', 'ROBERT', 'DELA ROCA', 'JR', 14, '2011-11-24', 'Male', NULL),
(108961170046, 'CODILLA', 'JOHN RAMLEE', 'CANTRE', '', 14, '2012-01-04', 'Male', NULL),
(108961170048, 'ABAYON', 'REYMARK', 'AQUILES', '', 14, '2011-10-22', 'Male', NULL),
(108961170050, 'FERMIS', 'MARK LOUIE', 'REFORSADO', '', 14, '2011-10-05', 'Male', NULL),
(108961170052, 'MANALO', 'MARK POUL', 'RODRIGUEZ', '', 14, '2012-01-24', 'Male', NULL),
(108961170054, 'MARTALLA', 'JIHM MADDY', 'DECELIS', '', 14, '2012-02-20', 'Male', NULL),
(108961170056, 'PERALTA', 'REYMARK', 'LLABRIZ', '', 14, '2011-11-18', 'Male', NULL),
(108961170057, 'PONPON', 'MELDIV', 'TOLING', '', 14, '2012-04-12', 'Male', NULL),
(108961170059, 'SEPATO', 'MARK GABRIEL', 'VENDER', '', 14, '2011-08-24', 'Male', NULL),
(108961170060, 'SEPATO', 'MARK DANIEL', 'VENDER', '', 14, '2011-08-24', 'Male', NULL),
(108961170061, 'SILVALLANA', 'ANGELO', 'GUEVARRA', '', 14, '2011-11-22', 'Male', NULL),
(108961170062, 'TOLEDO', 'ARNOLD', 'ESPINOSA', '', 15, '2011-02-15', 'Male', NULL),
(108961170063, 'BAGAYAS', 'ZOLENN AITHANA', 'RED', '', 14, '2011-09-28', 'Female', NULL),
(108961170064, 'CAAYON', 'STEPHANIE KHATE', 'CARBAQUEL', '', 14, '2012-05-22', 'Female', NULL),
(108961170066, 'ILAO', 'PAULINE', 'VELASQUEZ', '', 15, '2011-05-29', 'Female', NULL),
(108961170069, 'MERCADEJAS', 'TRISHA MAE', 'BERZUELA', '', 14, '2011-09-10', 'Female', NULL),
(108961170070, 'PALOMARES', 'ERIKA', 'BILLIONES', '', 14, '2012-01-05', 'Female', NULL),
(108961170075, 'DONES', 'TRIXIE', 'VENDER', '', 14, '2011-11-14', 'Female', NULL),
(108961170077, 'ESCOBAR', 'EUNELAINE', 'EROLES', '', 14, '2011-10-10', 'Female', NULL),
(108961170080, 'ORCALES', 'JEREMIAS', 'ESPINOSA', 'JR', 15, '2010-08-30', 'Male', NULL),
(108961180003, 'BAUTISTA', 'MARK JOSEPH', 'AGUIRRE', '', 13, '2012-11-17', 'Male', NULL),
(108961180009, 'FERMIS', 'ANDRIE', 'MADERA', '', 13, '2012-11-11', 'Male', NULL),
(108961180010, 'FRIAS', 'JOHN EDRIC', 'EROLES', '', 13, '2012-11-05', 'Male', NULL),
(108961180012, 'GLORIOSO', 'RAFAEL', 'DE LOS REYES', '', 14, '2012-07-19', 'Male', NULL),
(108961180013, 'INOY', 'CHERSON', 'FABIE', '', 14, '2012-08-09', 'Male', NULL),
(108961180014, 'MAUSIG', 'XYRUS EARL', 'ROGELIO', '', 13, '2012-12-22', 'Male', NULL),
(108961180016, 'PALLAT', 'ROY VINCE', 'ENDAYA', '', 13, '2013-01-03', 'Male', NULL),
(108961180017, 'BAUTISTA', 'EZEQUEL II', 'PLANAS', '', 13, '2013-04-07', 'Male', NULL),
(108961180018, 'CODILLA', 'JOHN MARK ANGELO', '', '', 13, '2013-05-20', 'Male', NULL),
(108961180020, 'DONES', 'CURTH JUSTINE', 'VENDER', '', 13, '2013-02-18', 'Male', NULL),
(108961180022, 'PACAYRA', 'ANGELITO', 'DISONGLO', '', 13, '2013-05-21', 'Male', NULL),
(108961180023, 'PENTINIO', 'XAICEN MATTHEW', 'CASTILLO', '', 13, '2013-07-15', 'Male', NULL),
(108961180024, 'PERILIA', 'JOHN CARLO', 'VASQUEZ', '', 13, '2013-05-03', 'Male', NULL),
(108961180025, 'SAN LUIS', 'JOHN LARRY', 'MELENDRES', '', 13, '2012-11-11', 'Male', NULL),
(108961180029, 'DELA CRUZ', 'JHANNA MARIEL', 'DECELIS', '', 13, '2013-04-26', 'Female', NULL),
(108961180032, 'EDERON', 'ELLARIE KRISEL', 'QUINTO', '', 13, '2012-12-05', 'Female', NULL),
(108961180033, 'ELLA', 'PATRICIA NICOLE', 'VENDER', '', 13, '2012-12-29', 'Female', NULL),
(108961180035, 'EROLES', 'VERONICA', 'ORINOCO', '', 13, '2012-12-06', 'Female', NULL),
(108961180036, 'FABIE', 'MICA ELLA', 'BONEO', '', 14, '2012-05-19', 'Female', NULL),
(108961180037, 'FAJARDO', 'DEA MAE', 'NERA', '', 13, '2013-04-29', 'Female', NULL),
(108961180038, 'JASMIN', 'ELLA MAE', 'BAUTISTA', '', 13, '2013-02-17', 'Female', NULL),
(108961180039, 'MARQUEZ', 'RACHELLE', 'CUETO', '', 13, '2013-05-20', 'Female', NULL),
(108961180049, 'ILAO', 'CHARLOTTE', 'CASAO', '', 13, '2013-04-04', 'Female', NULL),
(108961180050, 'SILVALLANA', 'ANDREA', 'GUEVARRA', '', 13, '2013-07-17', 'Female', NULL),
(108961180051, 'VENDER', 'BABY TRIXCY', 'ROGELIO', '', 13, '2013-03-10', 'Female', NULL),
(108961180052, 'GASTARDO', 'JERICO JADE', 'LEPALAM', '', 13, '2013-07-06', 'Male', NULL),
(108961180053, 'HONTIVEROS', 'JAY MARK', 'VILLAREAL', '', 14, '2012-08-07', 'Male', NULL),
(108961180056, 'EROLES', 'CYRA JHANE', 'VERGANIO', '', 13, '2012-12-12', 'Female', NULL),
(108961180059, 'NIERA', 'MARK ANGELO', 'BERAL', '', 13, '2013-03-16', 'Male', NULL),
(108971140187, 'AYAPANA', 'GABRIEL', 'PUREZA', '', 18, '2008-06-26', 'Male', NULL),
(109059130011, 'BOHOL', 'ROSE ANNE', 'BAJAR', '', 17, '2008-09-18', 'Female', NULL),
(109095150119, 'VERZOSA', 'ANGEL', 'SANCHEZ', '', 17, '2009-03-07', 'Female', NULL),
(109095150137, 'VERZOSA', 'MIGUEL', 'SANCHEZ', '', 16, '2010-01-26', 'Male', NULL),
(109114140067, 'ROCAS', 'BRENOLD', 'ROVERO', '', 18, '2007-11-17', 'Male', NULL),
(109123170005, 'BALATUCAN', 'CHERVIN', 'OCTOMAN', '', 15, '2011-06-05', 'Male', NULL),
(109133160050, 'BANDA', 'JOHN RUSSEL', 'SANTOS', '', 15, '2011-01-29', 'Male', NULL),
(109163170146, 'HUSADA', 'CHERRY MAE', 'ORIEL', '', 14, '2011-11-05', 'Female', NULL),
(109323140306, 'ZINAMPAN', 'ROMEL', 'CORRAL', '', 18, '2008-05-26', 'Male', NULL),
(109337160272, 'ABAYON', 'JHIAN CHESKA', 'TOLENTINO', '', 15, '2010-10-02', 'Female', NULL),
(109542180066, 'GONZAGA', 'REGINE', 'FABIE', '', 14, '2012-02-22', 'Female', NULL),
(109582170036, 'DEL MUNDO', 'EJAY', 'ACU?A', '', 15, '2011-05-17', 'Male', NULL),
(109725150007, 'PE?ARUBIA', 'CYRUS JOHN', 'MIRADOR', '', 16, '2009-10-26', 'Male', NULL),
(109740160117, 'JUDILLA', 'MARINIEL', 'PORNELA', '', 15, '2011-01-22', 'Female', NULL),
(109798140116, 'VILLAREAL', 'RUSSEL', 'BOLA?OS', '', 18, '2008-08-21', 'Male', NULL),
(111537140054, 'BOLINAS', 'AUDREY ROSE', 'MENDOZA', '', 17, '2009-03-23', 'Female', NULL),
(111591110025, 'BERDIN', 'JUSTIN', 'DE GUZMAN', '', 20, '2006-04-03', 'Male', NULL),
(112621120678, 'DOMINGO', 'PRINCESS LEA', 'BAROTILLO', '', 18, '2007-10-18', 'Female', NULL),
(113036170036, 'BUTIAL', 'JAYMAR', 'DATA', '', 15, '2011-08-20', 'Male', NULL),
(120020140132, 'TIMTIM', 'JILLIAN', 'CAMARA', '', 17, '2009-08-22', 'Female', NULL),
(136431150207, 'SAMBAHON', 'JOHN DAVID', 'DAO', '', 17, '2009-06-30', 'Male', NULL),
(136526160421, 'TUTOR', 'JOHN CHRISMAR', 'LUCES', '', 16, '2010-04-02', 'Male', NULL),
(136600150339, 'GARIN', 'JUN MICHAEL', 'YANGAT', '', 15, '2010-09-08', 'Male', NULL),
(226001140569, 'VERGANIO', 'DANIEL JAMES', 'CABRERA', '', 17, '2009-03-16', 'Male', NULL),
(226001140591, 'VERGANIO', 'PETER JAMES', 'CABRERA', '', 17, '2009-03-16', 'Male', NULL),
(300763100167, 'DE LEON', 'JOSHUA', 'NOYNAY', '', 18, '2007-12-26', 'Male', NULL),
(402431150444, 'JORDAN', 'MIKHAELA DAPHNE', 'DEGRAS', '', 16, '2009-11-03', 'Female', NULL),
(402431150458, 'JORDAN', 'MIGZ DARREN', 'DEGRAS', '', 17, '2008-09-06', 'Male', NULL),
(402786180009, 'CALAMUCHA', 'NATHANIEL', 'QUERUBIN', '', 14, '2012-05-15', 'Male', NULL),
(403255170011, 'VILLAREAL', 'KHIAN GABRIEL', 'ARAUJO', '', 15, '2011-07-09', 'Male', NULL),
(403259152036, 'ZABALLERO', 'THEODORE IVAN', 'ANYAYAHAN', '', 17, '2009-07-09', 'Male', NULL),
(424854180047, 'LABORA', 'CLARK KENT', 'PALOMADO', '', 13, '2013-07-04', 'Male', NULL),
(500566170226, 'SAMBAHON', 'CZARINA MAE', 'DAO', '', 14, '2012-04-02', 'Female', NULL),
(500566180093, 'SAMBAHON', 'MARY JANE', 'DAO', '', 12, '2013-08-27', 'Female', NULL);

-- --------------------------------------------------------

--
-- Table structure for table `time_settings`
--

CREATE TABLE `time_settings` (
  `id` int(11) NOT NULL,
  `morning_start` time NOT NULL,
  `morning_end` time NOT NULL,
  `morning_late_threshold` time NOT NULL,
  `afternoon_start` time NOT NULL,
  `afternoon_end` time NOT NULL,
  `updated_at` timestamp NOT NULL DEFAULT current_timestamp() ON UPDATE current_timestamp(),
  `allow_mon` tinyint(1) NOT NULL DEFAULT 1,
  `allow_tue` tinyint(1) NOT NULL DEFAULT 1,
  `allow_wed` tinyint(1) NOT NULL DEFAULT 1,
  `allow_thu` tinyint(1) NOT NULL DEFAULT 1,
  `allow_fri` tinyint(1) NOT NULL DEFAULT 1,
  `allow_sat` tinyint(1) NOT NULL DEFAULT 0,
  `allow_sun` tinyint(1) NOT NULL DEFAULT 0
) ENGINE=InnoDB DEFAULT CHARSET=utf8mb4 COLLATE=utf8mb4_general_ci;

-- --------------------------------------------------------

--
-- Table structure for table `users`
--

CREATE TABLE `users` (
  `user_id` int(11) NOT NULL,
  `email` varchar(100) NOT NULL,
  `password` varchar(255) NOT NULL,
  `role` enum('admin','faculty') NOT NULL,
  `status` varchar(20) DEFAULT 'inactive'
) ENGINE=InnoDB DEFAULT CHARSET=utf8mb4 COLLATE=utf8mb4_general_ci;

--
-- Dumping data for table `users`
--

INSERT INTO `users` (`user_id`, `email`, `password`, `role`, `status`) VALUES
(1, 'odnimerjeffreyd@gmail.com', '123', 'admin', 'active'),
(2, 'ronroncapulong@gmail.com', 'pass', 'admin', 'inactive');

--
-- Indexes for dumped tables
--

--
-- Indexes for table `advisers`
--
ALTER TABLE `advisers`
  ADD PRIMARY KEY (`employee_id`),
  ADD UNIQUE KEY `username` (`username`);

--
-- Indexes for table `attendance`
--
ALTER TABLE `attendance`
  ADD PRIMARY KEY (`attendance_id`),
  ADD KEY `lrn` (`lrn`),
  ADD KEY `enrollment_id` (`enrollment_id`);

--
-- Indexes for table `enrollments`
--
ALTER TABLE `enrollments`
  ADD PRIMARY KEY (`enrollment_id`),
  ADD KEY `lrn` (`lrn`);

--
-- Indexes for table `guardians`
--
ALTER TABLE `guardians`
  ADD PRIMARY KEY (`guardian_id`),
  ADD KEY `lrn` (`lrn`);

--
-- Indexes for table `rfid`
--
ALTER TABLE `rfid`
  ADD PRIMARY KEY (`rfid_id`),
  ADD UNIQUE KEY `lrn` (`lrn`);

--
-- Indexes for table `sections`
--
ALTER TABLE `sections`
  ADD PRIMARY KEY (`section_id`),
  ADD UNIQUE KEY `unique_employee_per_grade` (`employee_id`,`grade_level`);

--
-- Indexes for table `students`
--
ALTER TABLE `students`
  ADD PRIMARY KEY (`lrn`);

--
-- Indexes for table `time_settings`
--
ALTER TABLE `time_settings`
  ADD PRIMARY KEY (`id`);

--
-- Indexes for table `users`
--
ALTER TABLE `users`
  ADD PRIMARY KEY (`user_id`),
  ADD UNIQUE KEY `email` (`email`);

--
-- AUTO_INCREMENT for dumped tables
--

--
-- AUTO_INCREMENT for table `attendance`
--
ALTER TABLE `attendance`
  MODIFY `attendance_id` int(11) NOT NULL AUTO_INCREMENT;

--
-- AUTO_INCREMENT for table `enrollments`
--
ALTER TABLE `enrollments`
  MODIFY `enrollment_id` int(11) NOT NULL AUTO_INCREMENT, AUTO_INCREMENT=354;

--
-- AUTO_INCREMENT for table `guardians`
--
ALTER TABLE `guardians`
  MODIFY `guardian_id` int(11) NOT NULL AUTO_INCREMENT, AUTO_INCREMENT=1013;

--
-- AUTO_INCREMENT for table `rfid`
--
ALTER TABLE `rfid`
  MODIFY `rfid_id` int(11) NOT NULL AUTO_INCREMENT, AUTO_INCREMENT=367;

--
-- AUTO_INCREMENT for table `sections`
--
ALTER TABLE `sections`
  MODIFY `section_id` int(11) NOT NULL AUTO_INCREMENT, AUTO_INCREMENT=12;

--
-- AUTO_INCREMENT for table `time_settings`
--
ALTER TABLE `time_settings`
  MODIFY `id` int(11) NOT NULL AUTO_INCREMENT, AUTO_INCREMENT=2;

--
-- AUTO_INCREMENT for table `users`
--
ALTER TABLE `users`
  MODIFY `user_id` int(11) NOT NULL AUTO_INCREMENT, AUTO_INCREMENT=3;

--
-- Constraints for dumped tables
--

--
-- Constraints for table `attendance`
--
ALTER TABLE `attendance`
  ADD CONSTRAINT `attendance_ibfk_1` FOREIGN KEY (`lrn`) REFERENCES `students` (`lrn`),
  ADD CONSTRAINT `attendance_ibfk_2` FOREIGN KEY (`enrollment_id`) REFERENCES `enrollments` (`enrollment_id`);

--
-- Constraints for table `enrollments`
--
ALTER TABLE `enrollments`
  ADD CONSTRAINT `enrollments_ibfk_1` FOREIGN KEY (`lrn`) REFERENCES `students` (`lrn`);

--
-- Constraints for table `guardians`
--
ALTER TABLE `guardians`
  ADD CONSTRAINT `guardians_ibfk_1` FOREIGN KEY (`lrn`) REFERENCES `students` (`lrn`);

--
-- Constraints for table `rfid`
--
ALTER TABLE `rfid`
  ADD CONSTRAINT `rfid_ibfk_1` FOREIGN KEY (`lrn`) REFERENCES `students` (`lrn`);

--
-- Constraints for table `sections`
--
ALTER TABLE `sections`
  ADD CONSTRAINT `sections_ibfk_1` FOREIGN KEY (`employee_id`) REFERENCES `advisers` (`employee_id`);
COMMIT;

/*!40101 SET CHARACTER_SET_CLIENT=@OLD_CHARACTER_SET_CLIENT */;
/*!40101 SET CHARACTER_SET_RESULTS=@OLD_CHARACTER_SET_RESULTS */;
/*!40101 SET COLLATION_CONNECTION=@OLD_COLLATION_CONNECTION */;
